,,d,k,m,m_ws_ratio,max_cost,max_weight,n,values,weights,brute_force_time
d,270,-1,1,371,0.5,255,250,20,"[248, 130, 106, 102, 241, 231, 175, 249, 77, 110, 108, 82, 207, 88, 117, 5, 100, 228, 65, 28]","[75, 2, 25, 68, 157, 16, 5, 23, 6, 10, 42, 1, 14, 112, 3, 12, 48, 95, 19, 9]",3.899046476999999
d,271,-1,1,459,0.5,255,250,20,"[45, 14, 163, 187, 88, 222, 64, 246, 179, 105, 16, 9, 36, 6, 169, 135, 70, 32, 69, 251]","[5, 4, 80, 165, 67, 2, 20, 18, 1, 117, 64, 46, 17, 137, 6, 74, 16, 29, 48, 3]",4.033962900999999
d,272,-1,1,500,0.5,255,250,20,"[159, 156, 187, 19, 193, 86, 173, 48, 62, 145, 135, 177, 221, 73, 125, 143, 29, 115, 180, 224]","[3, 148, 8, 52, 26, 4, 2, 1, 20, 90, 188, 58, 16, 5, 80, 10, 118, 140, 7, 24]",4.029159631000002
d,273,-1,1,773,0.5,255,250,20,"[232, 133, 88, 80, 48, 27, 9, 29, 5, 113, 104, 215, 106, 127, 244, 221, 240, 138, 186, 107]","[10, 27, 2, 1, 35, 197, 6, 107, 5, 3, 101, 120, 102, 22, 240, 238, 18, 217, 19, 76]",4.026523372999996
d,274,-1,1,467,0.5,255,250,20,"[27, 157, 33, 243, 149, 253, 4, 247, 137, 72, 84, 87, 97, 159, 171, 80, 109, 177, 71, 2]","[7, 16, 93, 15, 2, 1, 3, 78, 8, 164, 26, 6, 14, 9, 103, 108, 5, 59, 81, 136]",3.967659609000002
d,275,-1,1,505,0.5,255,250,20,"[133, 196, 177, 209, 239, 130, 86, 9, 110, 224, 197, 246, 69, 215, 127, 45, 38, 137, 78, 118]","[25, 64, 132, 81, 5, 1, 102, 2, 20, 10, 220, 11, 19, 113, 75, 17, 31, 36, 29, 18]",3.858994195000001
d,276,-1,1,470,0.5,255,250,20,"[220, 244, 189, 29, 103, 179, 211, 216, 7, 202, 86, 65, 173, 201, 157, 246, 53, 34, 133, 97]","[2, 3, 1, 14, 36, 9, 23, 41, 173, 10, 78, 4, 12, 159, 8, 57, 15, 56, 221, 18]",3.808160929000003
d,277,-1,1,445,0.5,255,250,20,"[30, 127, 76, 120, 171, 240, 60, 129, 8, 58, 113, 243, 226, 202, 229, 231, 231, 231, 92, 95]","[1, 22, 79, 50, 10, 2, 16, 5, 19, 7, 8, 205, 70, 78, 32, 11, 3, 149, 94, 30]",4.024296942999996
d,278,-1,1,504,0.5,255,250,20,"[115, 4, 232, 164, 66, 182, 193, 119, 14, 255, 110, 197, 185, 184, 159, 13, 3, 247, 23, 212]","[22, 11, 25, 72, 77, 221, 57, 2, 8, 111, 4, 95, 26, 108, 133, 1, 3, 10, 9, 14]",3.9598622600000013
d,279,-1,1,553,0.5,255,250,20,"[214, 216, 139, 151, 52, 197, 42, 178, 155, 6, 233, 25, 57, 6, 119, 12, 255, 182, 246, 251]","[2, 159, 90, 6, 140, 23, 9, 3, 1, 18, 50, 20, 242, 30, 206, 70, 4, 8, 10, 15]",3.8701053799999983
d,280,0,1,1208,0.5,255,250,20,"[98, 159, 159, 51, 76, 248, 21, 55, 179, 118, 83, 212, 93, 14, 140, 130, 39, 147, 113, 48]","[72, 89, 179, 245, 120, 79, 56, 88, 57, 75, 65, 14, 184, 67, 152, 155, 122, 198, 242, 157]",4.231276174999998
d,281,0,1,1525,0.5,255,250,20,"[151, 115, 205, 12, 138, 170, 99, 109, 151, 1, 63, 16, 163, 169, 231, 206, 129, 41, 234, 205]","[73, 208, 23, 19, 176, 219, 235, 193, 133, 237, 195, 210, 236, 218, 202, 42, 63, 105, 145, 119]",3.978214588
d,282,0,1,1499,0.5,255,250,20,"[179, 81, 115, 84, 54, 44, 214, 89, 94, 139, 90, 194, 25, 3, 243, 79, 227, 130, 230, 139]","[216, 161, 124, 221, 65, 244, 51, 75, 213, 217, 119, 39, 210, 207, 89, 186, 238, 95, 110, 118]",4.050327412999991
d,283,0,1,953,0.5,255,250,20,"[170, 204, 216, 5, 110, 186, 56, 153, 85, 209, 131, 144, 24, 29, 72, 142, 7, 94, 120, 240]","[168, 159, 158, 89, 136, 234, 93, 20, 2, 3, 27, 19, 132, 73, 23, 49, 61, 219, 76, 166]",3.986926323000006
d,284,0,1,1181,0.5,255,250,20,"[248, 140, 184, 158, 187, 238, 119, 13, 240, 79, 24, 156, 180, 116, 56, 255, 132, 121, 117, 40]","[30, 227, 62, 76, 41, 179, 75, 155, 116, 210, 148, 70, 91, 236, 84, 51, 193, 40, 168, 111]",4.052748210999994
d,285,0,1,1241,0.5,255,250,20,"[126, 165, 107, 252, 59, 240, 140, 67, 5, 106, 154, 106, 116, 90, 248, 152, 151, 235, 110, 91]","[23, 83, 185, 137, 86, 161, 52, 40, 221, 159, 27, 120, 236, 28, 228, 64, 29, 153, 234, 216]",3.8942537219999878
d,286,0,1,1464,0.5,255,250,20,"[51, 248, 86, 252, 239, 148, 79, 40, 223, 43, 2, 77, 56, 235, 146, 63, 143, 195, 110, 240]","[90, 5, 207, 236, 22, 82, 103, 220, 64, 194, 237, 97, 249, 238, 159, 226, 73, 59, 211, 156]",3.9308791360000015
d,287,0,1,1410,0.5,255,250,20,"[60, 254, 128, 99, 52, 109, 251, 183, 214, 9, 166, 114, 91, 191, 230, 74, 109, 4, 164, 23]","[230, 198, 49, 48, 108, 202, 105, 54, 194, 136, 126, 116, 43, 210, 208, 250, 224, 89, 161, 69]",4.085516317999989
d,288,0,1,1352,0.5,255,250,20,"[201, 214, 237, 216, 98, 42, 167, 188, 207, 73, 169, 214, 90, 130, 63, 84, 155, 203, 55, 74]","[125, 73, 226, 116, 172, 224, 214, 97, 69, 213, 23, 166, 112, 74, 243, 142, 163, 49, 193, 11]",3.946797359999991
d,289,0,1,1258,0.5,255,250,20,"[4, 32, 142, 171, 214, 144, 6, 21, 191, 219, 174, 132, 87, 207, 152, 245, 68, 24, 73, 188]","[17, 160, 27, 42, 165, 223, 68, 137, 245, 155, 103, 159, 215, 4, 116, 240, 31, 126, 214, 70]",3.965203149000004
d,290,1,1,1952,0.5,255,250,20,"[248, 167, 120, 239, 34, 23, 152, 241, 101, 146, 72, 11, 246, 82, 188, 50, 230, 23, 187, 88]","[75, 245, 179, 177, 250, 239, 243, 157, 249, 244, 206, 248, 141, 218, 237, 247, 159, 158, 165, 67]",3.9522076949999985
d,291,1,1,1955,0.5,255,250,20,"[185, 155, 199, 240, 92, 105, 6, 162, 87, 79, 121, 191, 114, 208, 69, 168, 161, 5, 173, 204]","[237, 249, 245, 79, 239, 117, 137, 130, 241, 216, 179, 178, 242, 246, 48, 187, 235, 213, 248, 244]",3.9172693900000013
d,292,1,1,2031,0.5,255,250,20,"[87, 161, 22, 50, 68, 92, 225, 5, 97, 246, 146, 126, 240, 194, 134, 158, 3, 27, 104, 215]","[246, 249, 127, 171, 247, 196, 248, 242, 181, 217, 205, 227, 176, 213, 214, 241, 244, 197, 101, 120]",3.9301090909999914
d,293,1,1,1681,0.5,255,250,20,"[213, 106, 35, 12, 221, 240, 138, 33, 90, 247, 56, 100, 157, 219, 84, 187, 233, 162, 147, 95]","[2, 102, 241, 248, 238, 18, 217, 93, 162, 78, 189, 231, 236, 119, 26, 223, 237, 249, 240, 213]",3.951489166999991
d,294,1,1,1890,0.5,255,250,20,"[79, 64, 233, 200, 158, 120, 206, 71, 2, 2, 207, 32, 186, 86, 20, 114, 232, 148, 5, 80]","[246, 249, 245, 244, 141, 221, 227, 81, 136, 188, 167, 164, 29, 102, 220, 207, 234, 248, 193, 239]",3.965088781999995
d,295,1,1,1877,0.5,255,250,20,"[17, 175, 198, 8, 123, 222, 179, 131, 197, 152, 5, 213, 193, 144, 239, 127, 177, 45, 96, 116]","[16, 249, 247, 238, 245, 234, 177, 240, 220, 246, 228, 227, 236, 192, 189, 75, 150, 17, 122, 207]",4.0628817690000005
d,296,1,1,1936,0.5,255,250,20,"[17, 213, 253, 99, 146, 181, 211, 72, 110, 200, 115, 43, 210, 31, 7, 159, 90, 112, 225, 183]","[188, 249, 162, 238, 187, 230, 100, 246, 200, 95, 216, 148, 237, 91, 173, 243, 247, 241, 215, 166]",4.0754483509999915
d,297,1,1,1850,0.5,255,250,20,"[15, 120, 125, 9, 73, 153, 20, 199, 76, 162, 98, 89, 226, 105, 76, 97, 220, 231, 232, 55]","[246, 245, 164, 242, 236, 199, 243, 103, 79, 249, 248, 209, 70, 240, 247, 141, 130, 149, 25, 235]",3.9787574869999958
d,298,1,1,1849,0.5,255,250,20,"[164, 108, 163, 182, 87, 79, 238, 28, 121, 255, 59, 49, 159, 129, 61, 122, 64, 26, 214, 249]","[72, 226, 126, 221, 248, 162, 163, 205, 249, 111, 196, 227, 133, 236, 207, 209, 243, 218, 2, 245]",4.0425824170000055
d,299,1,1,1861,0.5,255,250,20,"[218, 238, 253, 139, 137, 110, 52, 224, 173, 173, 121, 91, 213, 225, 164, 6, 57, 206, 192, 194]","[246, 237, 222, 90, 108, 248, 140, 216, 229, 249, 176, 1, 227, 244, 104, 235, 242, 243, 153, 113]",4.023934295000004
m_ws_ratio,0,0,1,226,0.1,255,250,20,"[244, 142, 23, 87, 156, 216, 17, 195, 131, 150, 221, 95, 124, 241, 10, 125, 174, 6, 43, 102]","[139, 130, 16, 137, 182, 224, 35, 28, 34, 90, 167, 75, 14, 164, 49, 187, 149, 215, 212, 22]",3.877841341000021
m_ws_ratio,1,0,1,337,0.1,255,250,20,"[164, 189, 226, 189, 154, 216, 86, 170, 76, 176, 246, 157, 129, 124, 172, 101, 18, 4, 135, 201]","[125, 195, 60, 46, 212, 236, 69, 232, 149, 238, 90, 161, 239, 189, 98, 248, 242, 167, 148, 233]",4.0832581939999955
m_ws_ratio,2,0,1,238,0.1,255,250,20,"[86, 88, 100, 187, 137, 118, 199, 249, 218, 136, 202, 167, 54, 44, 37, 92, 23, 164, 52, 40]","[120, 29, 171, 9, 2, 109, 234, 99, 94, 198, 186, 48, 150, 202, 28, 110, 107, 187, 249, 50]",3.895519919999998
m_ws_ratio,3,0,1,234,0.1,255,250,20,"[200, 59, 48, 214, 168, 142, 74, 206, 222, 187, 238, 251, 73, 125, 126, 71, 242, 112, 43, 205]","[43, 192, 28, 54, 32, 164, 150, 246, 27, 49, 233, 155, 147, 70, 240, 134, 40, 110, 168, 65]",3.9896871130000022
m_ws_ratio,4,0,1,271,0.1,255,250,20,"[6, 82, 141, 25, 138, 244, 23, 105, 244, 179, 158, 216, 206, 180, 63, 255, 192, 126, 33, 84]","[99, 21, 26, 40, 72, 57, 203, 228, 169, 134, 220, 221, 131, 144, 15, 170, 238, 126, 213, 190]",3.866991404999993
m_ws_ratio,5,0,1,202,0.1,255,250,20,"[48, 74, 63, 250, 24, 203, 38, 69, 233, 235, 249, 234, 187, 135, 253, 5, 160, 114, 129, 18]","[65, 114, 197, 14, 19, 106, 118, 200, 8, 250, 50, 89, 63, 4, 84, 160, 143, 119, 170, 56]",3.9340480259999993
m_ws_ratio,6,0,1,287,0.1,255,250,20,"[153, 205, 126, 50, 9, 14, 7, 187, 96, 28, 154, 9, 238, 24, 230, 134, 4, 188, 99, 103]","[232, 27, 190, 200, 68, 174, 220, 107, 78, 158, 155, 13, 145, 238, 216, 1, 157, 148, 104, 247]",3.8505389750000063
m_ws_ratio,7,0,1,226,0.1,255,250,20,"[10, 109, 235, 202, 236, 2, 47, 122, 82, 15, 237, 253, 200, 162, 228, 63, 249, 66, 159, 8]","[148, 93, 34, 111, 9, 168, 90, 71, 156, 139, 89, 58, 187, 173, 2, 134, 140, 56, 203, 204]",3.9368988619999925
m_ws_ratio,8,0,1,289,0.1,255,250,20,"[177, 23, 194, 135, 21, 99, 137, 104, 197, 234, 92, 169, 235, 14, 82, 250, 156, 246, 79, 219]","[244, 91, 40, 6, 246, 190, 5, 220, 182, 112, 192, 146, 161, 162, 115, 87, 191, 218, 172, 119]",4.032438427000017
m_ws_ratio,9,0,1,239,0.1,255,250,20,"[213, 241, 233, 90, 8, 148, 222, 61, 163, 247, 42, 124, 213, 180, 211, 16, 114, 102, 54, 46]","[225, 17, 234, 104, 28, 183, 145, 10, 238, 60, 62, 37, 186, 211, 25, 13, 54, 249, 79, 233]",3.888513821999993
m_ws_ratio,10,0,1,453,0.2,255,250,20,"[244, 142, 23, 87, 156, 216, 17, 195, 131, 150, 221, 95, 124, 241, 10, 125, 174, 6, 43, 102]","[139, 130, 16, 137, 182, 224, 35, 28, 34, 90, 167, 75, 14, 164, 49, 187, 149, 215, 212, 22]",3.8674256639999953
m_ws_ratio,11,0,1,675,0.2,255,250,20,"[164, 189, 226, 189, 154, 216, 86, 170, 76, 176, 246, 157, 129, 124, 172, 101, 18, 4, 135, 201]","[125, 195, 60, 46, 212, 236, 69, 232, 149, 238, 90, 161, 239, 189, 98, 248, 242, 167, 148, 233]",3.8678903020000064
m_ws_ratio,12,0,1,476,0.2,255,250,20,"[86, 88, 100, 187, 137, 118, 199, 249, 218, 136, 202, 167, 54, 44, 37, 92, 23, 164, 52, 40]","[120, 29, 171, 9, 2, 109, 234, 99, 94, 198, 186, 48, 150, 202, 28, 110, 107, 187, 249, 50]",3.8491544179999835
m_ws_ratio,13,0,1,469,0.2,255,250,20,"[200, 59, 48, 214, 168, 142, 74, 206, 222, 187, 238, 251, 73, 125, 126, 71, 242, 112, 43, 205]","[43, 192, 28, 54, 32, 164, 150, 246, 27, 49, 233, 155, 147, 70, 240, 134, 40, 110, 168, 65]",3.9194065629999955
m_ws_ratio,14,0,1,543,0.2,255,250,20,"[6, 82, 141, 25, 138, 244, 23, 105, 244, 179, 158, 216, 206, 180, 63, 255, 192, 126, 33, 84]","[99, 21, 26, 40, 72, 57, 203, 228, 169, 134, 220, 221, 131, 144, 15, 170, 238, 126, 213, 190]",3.8270704050000006
m_ws_ratio,15,0,1,405,0.2,255,250,20,"[48, 74, 63, 250, 24, 203, 38, 69, 233, 235, 249, 234, 187, 135, 253, 5, 160, 114, 129, 18]","[65, 114, 197, 14, 19, 106, 118, 200, 8, 250, 50, 89, 63, 4, 84, 160, 143, 119, 170, 56]",3.89775183499998
m_ws_ratio,16,0,1,575,0.2,255,250,20,"[153, 205, 126, 50, 9, 14, 7, 187, 96, 28, 154, 9, 238, 24, 230, 134, 4, 188, 99, 103]","[232, 27, 190, 200, 68, 174, 220, 107, 78, 158, 155, 13, 145, 238, 216, 1, 157, 148, 104, 247]",3.844491913000013
m_ws_ratio,17,0,1,453,0.2,255,250,20,"[10, 109, 235, 202, 236, 2, 47, 122, 82, 15, 237, 253, 200, 162, 228, 63, 249, 66, 159, 8]","[148, 93, 34, 111, 9, 168, 90, 71, 156, 139, 89, 58, 187, 173, 2, 134, 140, 56, 203, 204]",3.916477270999991
m_ws_ratio,18,0,1,579,0.2,255,250,20,"[177, 23, 194, 135, 21, 99, 137, 104, 197, 234, 92, 169, 235, 14, 82, 250, 156, 246, 79, 219]","[244, 91, 40, 6, 246, 190, 5, 220, 182, 112, 192, 146, 161, 162, 115, 87, 191, 218, 172, 119]",3.904001835999992
m_ws_ratio,19,0,1,478,0.2,255,250,20,"[213, 241, 233, 90, 8, 148, 222, 61, 163, 247, 42, 124, 213, 180, 211, 16, 114, 102, 54, 46]","[225, 17, 234, 104, 28, 183, 145, 10, 238, 60, 62, 37, 186, 211, 25, 13, 54, 249, 79, 233]",3.8516821679999964
m_ws_ratio,20,0,1,680,0.3,255,250,20,"[244, 142, 23, 87, 156, 216, 17, 195, 131, 150, 221, 95, 124, 241, 10, 125, 174, 6, 43, 102]","[139, 130, 16, 137, 182, 224, 35, 28, 34, 90, 167, 75, 14, 164, 49, 187, 149, 215, 212, 22]",3.8624884790000067
m_ws_ratio,21,0,1,1013,0.3,255,250,20,"[164, 189, 226, 189, 154, 216, 86, 170, 76, 176, 246, 157, 129, 124, 172, 101, 18, 4, 135, 201]","[125, 195, 60, 46, 212, 236, 69, 232, 149, 238, 90, 161, 239, 189, 98, 248, 242, 167, 148, 233]",3.9460576349999883
m_ws_ratio,22,0,1,714,0.3,255,250,20,"[86, 88, 100, 187, 137, 118, 199, 249, 218, 136, 202, 167, 54, 44, 37, 92, 23, 164, 52, 40]","[120, 29, 171, 9, 2, 109, 234, 99, 94, 198, 186, 48, 150, 202, 28, 110, 107, 187, 249, 50]",4.035658299000005
m_ws_ratio,23,0,1,704,0.3,255,250,20,"[200, 59, 48, 214, 168, 142, 74, 206, 222, 187, 238, 251, 73, 125, 126, 71, 242, 112, 43, 205]","[43, 192, 28, 54, 32, 164, 150, 246, 27, 49, 233, 155, 147, 70, 240, 134, 40, 110, 168, 65]",3.8550605799999857
m_ws_ratio,24,0,1,815,0.3,255,250,20,"[6, 82, 141, 25, 138, 244, 23, 105, 244, 179, 158, 216, 206, 180, 63, 255, 192, 126, 33, 84]","[99, 21, 26, 40, 72, 57, 203, 228, 169, 134, 220, 221, 131, 144, 15, 170, 238, 126, 213, 190]",3.8228287679999937
m_ws_ratio,25,0,1,608,0.3,255,250,20,"[48, 74, 63, 250, 24, 203, 38, 69, 233, 235, 249, 234, 187, 135, 253, 5, 160, 114, 129, 18]","[65, 114, 197, 14, 19, 106, 118, 200, 8, 250, 50, 89, 63, 4, 84, 160, 143, 119, 170, 56]",3.8791966619999982
m_ws_ratio,26,0,1,863,0.3,255,250,20,"[153, 205, 126, 50, 9, 14, 7, 187, 96, 28, 154, 9, 238, 24, 230, 134, 4, 188, 99, 103]","[232, 27, 190, 200, 68, 174, 220, 107, 78, 158, 155, 13, 145, 238, 216, 1, 157, 148, 104, 247]",3.950145006000014
m_ws_ratio,27,0,1,679,0.3,255,250,20,"[10, 109, 235, 202, 236, 2, 47, 122, 82, 15, 237, 253, 200, 162, 228, 63, 249, 66, 159, 8]","[148, 93, 34, 111, 9, 168, 90, 71, 156, 139, 89, 58, 187, 173, 2, 134, 140, 56, 203, 204]",3.8776148979999903
m_ws_ratio,28,0,1,869,0.3,255,250,20,"[177, 23, 194, 135, 21, 99, 137, 104, 197, 234, 92, 169, 235, 14, 82, 250, 156, 246, 79, 219]","[244, 91, 40, 6, 246, 190, 5, 220, 182, 112, 192, 146, 161, 162, 115, 87, 191, 218, 172, 119]",3.8872646239999824
m_ws_ratio,29,0,1,717,0.3,255,250,20,"[213, 241, 233, 90, 8, 148, 222, 61, 163, 247, 42, 124, 213, 180, 211, 16, 114, 102, 54, 46]","[225, 17, 234, 104, 28, 183, 145, 10, 238, 60, 62, 37, 186, 211, 25, 13, 54, 249, 79, 233]",3.9529534030000377
m_ws_ratio,30,0,1,907,0.4,255,250,20,"[244, 142, 23, 87, 156, 216, 17, 195, 131, 150, 221, 95, 124, 241, 10, 125, 174, 6, 43, 102]","[139, 130, 16, 137, 182, 224, 35, 28, 34, 90, 167, 75, 14, 164, 49, 187, 149, 215, 212, 22]",4.00972576800001
m_ws_ratio,31,0,1,1350,0.4,255,250,20,"[164, 189, 226, 189, 154, 216, 86, 170, 76, 176, 246, 157, 129, 124, 172, 101, 18, 4, 135, 201]","[125, 195, 60, 46, 212, 236, 69, 232, 149, 238, 90, 161, 239, 189, 98, 248, 242, 167, 148, 233]",4.018686012999979
m_ws_ratio,32,0,1,952,0.4,255,250,20,"[86, 88, 100, 187, 137, 118, 199, 249, 218, 136, 202, 167, 54, 44, 37, 92, 23, 164, 52, 40]","[120, 29, 171, 9, 2, 109, 234, 99, 94, 198, 186, 48, 150, 202, 28, 110, 107, 187, 249, 50]",3.8694949119999933
m_ws_ratio,33,0,1,938,0.4,255,250,20,"[200, 59, 48, 214, 168, 142, 74, 206, 222, 187, 238, 251, 73, 125, 126, 71, 242, 112, 43, 205]","[43, 192, 28, 54, 32, 164, 150, 246, 27, 49, 233, 155, 147, 70, 240, 134, 40, 110, 168, 65]",3.875371137000002
m_ws_ratio,34,0,1,1086,0.4,255,250,20,"[6, 82, 141, 25, 138, 244, 23, 105, 244, 179, 158, 216, 206, 180, 63, 255, 192, 126, 33, 84]","[99, 21, 26, 40, 72, 57, 203, 228, 169, 134, 220, 221, 131, 144, 15, 170, 238, 126, 213, 190]",3.898109624999961
m_ws_ratio,35,0,1,811,0.4,255,250,20,"[48, 74, 63, 250, 24, 203, 38, 69, 233, 235, 249, 234, 187, 135, 253, 5, 160, 114, 129, 18]","[65, 114, 197, 14, 19, 106, 118, 200, 8, 250, 50, 89, 63, 4, 84, 160, 143, 119, 170, 56]",3.93191382699996
m_ws_ratio,36,0,1,1151,0.4,255,250,20,"[153, 205, 126, 50, 9, 14, 7, 187, 96, 28, 154, 9, 238, 24, 230, 134, 4, 188, 99, 103]","[232, 27, 190, 200, 68, 174, 220, 107, 78, 158, 155, 13, 145, 238, 216, 1, 157, 148, 104, 247]",3.9481213990000015
m_ws_ratio,37,0,1,906,0.4,255,250,20,"[10, 109, 235, 202, 236, 2, 47, 122, 82, 15, 237, 253, 200, 162, 228, 63, 249, 66, 159, 8]","[148, 93, 34, 111, 9, 168, 90, 71, 156, 139, 89, 58, 187, 173, 2, 134, 140, 56, 203, 204]",3.9683629660000292
m_ws_ratio,38,0,1,1159,0.4,255,250,20,"[177, 23, 194, 135, 21, 99, 137, 104, 197, 234, 92, 169, 235, 14, 82, 250, 156, 246, 79, 219]","[244, 91, 40, 6, 246, 190, 5, 220, 182, 112, 192, 146, 161, 162, 115, 87, 191, 218, 172, 119]",3.8561976519999916
m_ws_ratio,39,0,1,957,0.4,255,250,20,"[213, 241, 233, 90, 8, 148, 222, 61, 163, 247, 42, 124, 213, 180, 211, 16, 114, 102, 54, 46]","[225, 17, 234, 104, 28, 183, 145, 10, 238, 60, 62, 37, 186, 211, 25, 13, 54, 249, 79, 233]",3.853473634000011
m_ws_ratio,40,0,1,1134,0.5,255,250,20,"[244, 142, 23, 87, 156, 216, 17, 195, 131, 150, 221, 95, 124, 241, 10, 125, 174, 6, 43, 102]","[139, 130, 16, 137, 182, 224, 35, 28, 34, 90, 167, 75, 14, 164, 49, 187, 149, 215, 212, 22]",4.41745309199996
m_ws_ratio,41,0,1,1688,0.5,255,250,20,"[164, 189, 226, 189, 154, 216, 86, 170, 76, 176, 246, 157, 129, 124, 172, 101, 18, 4, 135, 201]","[125, 195, 60, 46, 212, 236, 69, 232, 149, 238, 90, 161, 239, 189, 98, 248, 242, 167, 148, 233]",4.265237801000012
m_ws_ratio,42,0,1,1191,0.5,255,250,20,"[86, 88, 100, 187, 137, 118, 199, 249, 218, 136, 202, 167, 54, 44, 37, 92, 23, 164, 52, 40]","[120, 29, 171, 9, 2, 109, 234, 99, 94, 198, 186, 48, 150, 202, 28, 110, 107, 187, 249, 50]",3.953462021000007
m_ws_ratio,43,0,1,1173,0.5,255,250,20,"[200, 59, 48, 214, 168, 142, 74, 206, 222, 187, 238, 251, 73, 125, 126, 71, 242, 112, 43, 205]","[43, 192, 28, 54, 32, 164, 150, 246, 27, 49, 233, 155, 147, 70, 240, 134, 40, 110, 168, 65]",3.926712355999996
m_ws_ratio,44,0,1,1358,0.5,255,250,20,"[6, 82, 141, 25, 138, 244, 23, 105, 244, 179, 158, 216, 206, 180, 63, 255, 192, 126, 33, 84]","[99, 21, 26, 40, 72, 57, 203, 228, 169, 134, 220, 221, 131, 144, 15, 170, 238, 126, 213, 190]",3.9340451219999863
m_ws_ratio,45,0,1,1014,0.5,255,250,20,"[48, 74, 63, 250, 24, 203, 38, 69, 233, 235, 249, 234, 187, 135, 253, 5, 160, 114, 129, 18]","[65, 114, 197, 14, 19, 106, 118, 200, 8, 250, 50, 89, 63, 4, 84, 160, 143, 119, 170, 56]",3.944998133000013
m_ws_ratio,46,0,1,1439,0.5,255,250,20,"[153, 205, 126, 50, 9, 14, 7, 187, 96, 28, 154, 9, 238, 24, 230, 134, 4, 188, 99, 103]","[232, 27, 190, 200, 68, 174, 220, 107, 78, 158, 155, 13, 145, 238, 216, 1, 157, 148, 104, 247]",3.9895702649999976
m_ws_ratio,47,0,1,1132,0.5,255,250,20,"[10, 109, 235, 202, 236, 2, 47, 122, 82, 15, 237, 253, 200, 162, 228, 63, 249, 66, 159, 8]","[148, 93, 34, 111, 9, 168, 90, 71, 156, 139, 89, 58, 187, 173, 2, 134, 140, 56, 203, 204]",3.959003731999985
m_ws_ratio,48,0,1,1449,0.5,255,250,20,"[177, 23, 194, 135, 21, 99, 137, 104, 197, 234, 92, 169, 235, 14, 82, 250, 156, 246, 79, 219]","[244, 91, 40, 6, 246, 190, 5, 220, 182, 112, 192, 146, 161, 162, 115, 87, 191, 218, 172, 119]",4.023190600000021
m_ws_ratio,49,0,1,1196,0.5,255,250,20,"[213, 241, 233, 90, 8, 148, 222, 61, 163, 247, 42, 124, 213, 180, 211, 16, 114, 102, 54, 46]","[225, 17, 234, 104, 28, 183, 145, 10, 238, 60, 62, 37, 186, 211, 25, 13, 54, 249, 79, 233]",4.043777476999992
m_ws_ratio,50,0,1,1361,0.6,255,250,20,"[244, 142, 23, 87, 156, 216, 17, 195, 131, 150, 221, 95, 124, 241, 10, 125, 174, 6, 43, 102]","[139, 130, 16, 137, 182, 224, 35, 28, 34, 90, 167, 75, 14, 164, 49, 187, 149, 215, 212, 22]",4.549487567000028
m_ws_ratio,51,0,1,2026,0.6,255,250,20,"[164, 189, 226, 189, 154, 216, 86, 170, 76, 176, 246, 157, 129, 124, 172, 101, 18, 4, 135, 201]","[125, 195, 60, 46, 212, 236, 69, 232, 149, 238, 90, 161, 239, 189, 98, 248, 242, 167, 148, 233]",4.066569655999956
m_ws_ratio,52,0,1,1429,0.6,255,250,20,"[86, 88, 100, 187, 137, 118, 199, 249, 218, 136, 202, 167, 54, 44, 37, 92, 23, 164, 52, 40]","[120, 29, 171, 9, 2, 109, 234, 99, 94, 198, 186, 48, 150, 202, 28, 110, 107, 187, 249, 50]",3.9254527719999714
m_ws_ratio,53,0,1,1408,0.6,255,250,20,"[200, 59, 48, 214, 168, 142, 74, 206, 222, 187, 238, 251, 73, 125, 126, 71, 242, 112, 43, 205]","[43, 192, 28, 54, 32, 164, 150, 246, 27, 49, 233, 155, 147, 70, 240, 134, 40, 110, 168, 65]",3.964741554999989
m_ws_ratio,54,0,1,1630,0.6,255,250,20,"[6, 82, 141, 25, 138, 244, 23, 105, 244, 179, 158, 216, 206, 180, 63, 255, 192, 126, 33, 84]","[99, 21, 26, 40, 72, 57, 203, 228, 169, 134, 220, 221, 131, 144, 15, 170, 238, 126, 213, 190]",5.508819464999988
m_ws_ratio,55,0,1,1217,0.6,255,250,20,"[48, 74, 63, 250, 24, 203, 38, 69, 233, 235, 249, 234, 187, 135, 253, 5, 160, 114, 129, 18]","[65, 114, 197, 14, 19, 106, 118, 200, 8, 250, 50, 89, 63, 4, 84, 160, 143, 119, 170, 56]",4.556397797000045
m_ws_ratio,56,0,1,1726,0.6,255,250,20,"[153, 205, 126, 50, 9, 14, 7, 187, 96, 28, 154, 9, 238, 24, 230, 134, 4, 188, 99, 103]","[232, 27, 190, 200, 68, 174, 220, 107, 78, 158, 155, 13, 145, 238, 216, 1, 157, 148, 104, 247]",4.4580670029999965
m_ws_ratio,57,0,1,1359,0.6,255,250,20,"[10, 109, 235, 202, 236, 2, 47, 122, 82, 15, 237, 253, 200, 162, 228, 63, 249, 66, 159, 8]","[148, 93, 34, 111, 9, 168, 90, 71, 156, 139, 89, 58, 187, 173, 2, 134, 140, 56, 203, 204]",5.11486549
m_ws_ratio,58,0,1,1739,0.6,255,250,20,"[177, 23, 194, 135, 21, 99, 137, 104, 197, 234, 92, 169, 235, 14, 82, 250, 156, 246, 79, 219]","[244, 91, 40, 6, 246, 190, 5, 220, 182, 112, 192, 146, 161, 162, 115, 87, 191, 218, 172, 119]",4.931443172000002
m_ws_ratio,59,0,1,1435,0.6,255,250,20,"[213, 241, 233, 90, 8, 148, 222, 61, 163, 247, 42, 124, 213, 180, 211, 16, 114, 102, 54, 46]","[225, 17, 234, 104, 28, 183, 145, 10, 238, 60, 62, 37, 186, 211, 25, 13, 54, 249, 79, 233]",5.041744130999973
m_ws_ratio,60,0,1,1588,0.7,255,250,20,"[244, 142, 23, 87, 156, 216, 17, 195, 131, 150, 221, 95, 124, 241, 10, 125, 174, 6, 43, 102]","[139, 130, 16, 137, 182, 224, 35, 28, 34, 90, 167, 75, 14, 164, 49, 187, 149, 215, 212, 22]",4.523421227999961
m_ws_ratio,61,0,1,2363,0.7,255,250,20,"[164, 189, 226, 189, 154, 216, 86, 170, 76, 176, 246, 157, 129, 124, 172, 101, 18, 4, 135, 201]","[125, 195, 60, 46, 212, 236, 69, 232, 149, 238, 90, 161, 239, 189, 98, 248, 242, 167, 148, 233]",4.496771825000053
m_ws_ratio,62,0,1,1667,0.7,255,250,20,"[86, 88, 100, 187, 137, 118, 199, 249, 218, 136, 202, 167, 54, 44, 37, 92, 23, 164, 52, 40]","[120, 29, 171, 9, 2, 109, 234, 99, 94, 198, 186, 48, 150, 202, 28, 110, 107, 187, 249, 50]",4.576222567000002
m_ws_ratio,63,0,1,1642,0.7,255,250,20,"[200, 59, 48, 214, 168, 142, 74, 206, 222, 187, 238, 251, 73, 125, 126, 71, 242, 112, 43, 205]","[43, 192, 28, 54, 32, 164, 150, 246, 27, 49, 233, 155, 147, 70, 240, 134, 40, 110, 168, 65]",4.435131065000007
m_ws_ratio,64,0,1,1901,0.7,255,250,20,"[6, 82, 141, 25, 138, 244, 23, 105, 244, 179, 158, 216, 206, 180, 63, 255, 192, 126, 33, 84]","[99, 21, 26, 40, 72, 57, 203, 228, 169, 134, 220, 221, 131, 144, 15, 170, 238, 126, 213, 190]",4.3616951919999565
m_ws_ratio,65,0,1,1420,0.7,255,250,20,"[48, 74, 63, 250, 24, 203, 38, 69, 233, 235, 249, 234, 187, 135, 253, 5, 160, 114, 129, 18]","[65, 114, 197, 14, 19, 106, 118, 200, 8, 250, 50, 89, 63, 4, 84, 160, 143, 119, 170, 56]",4.416720091000002
m_ws_ratio,66,0,1,2014,0.7,255,250,20,"[153, 205, 126, 50, 9, 14, 7, 187, 96, 28, 154, 9, 238, 24, 230, 134, 4, 188, 99, 103]","[232, 27, 190, 200, 68, 174, 220, 107, 78, 158, 155, 13, 145, 238, 216, 1, 157, 148, 104, 247]",4.473979702999998
m_ws_ratio,67,0,1,1585,0.7,255,250,20,"[10, 109, 235, 202, 236, 2, 47, 122, 82, 15, 237, 253, 200, 162, 228, 63, 249, 66, 159, 8]","[148, 93, 34, 111, 9, 168, 90, 71, 156, 139, 89, 58, 187, 173, 2, 134, 140, 56, 203, 204]",4.451613337000026
m_ws_ratio,68,0,1,2029,0.7,255,250,20,"[177, 23, 194, 135, 21, 99, 137, 104, 197, 234, 92, 169, 235, 14, 82, 250, 156, 246, 79, 219]","[244, 91, 40, 6, 246, 190, 5, 220, 182, 112, 192, 146, 161, 162, 115, 87, 191, 218, 172, 119]",4.33873522600004
m_ws_ratio,69,0,1,1675,0.7,255,250,20,"[213, 241, 233, 90, 8, 148, 222, 61, 163, 247, 42, 124, 213, 180, 211, 16, 114, 102, 54, 46]","[225, 17, 234, 104, 28, 183, 145, 10, 238, 60, 62, 37, 186, 211, 25, 13, 54, 249, 79, 233]",4.349731178000013
m_ws_ratio,70,0,1,1815,0.8,255,250,20,"[244, 142, 23, 87, 156, 216, 17, 195, 131, 150, 221, 95, 124, 241, 10, 125, 174, 6, 43, 102]","[139, 130, 16, 137, 182, 224, 35, 28, 34, 90, 167, 75, 14, 164, 49, 187, 149, 215, 212, 22]",4.837348148999979
m_ws_ratio,71,0,1,2701,0.8,255,250,20,"[164, 189, 226, 189, 154, 216, 86, 170, 76, 176, 246, 157, 129, 124, 172, 101, 18, 4, 135, 201]","[125, 195, 60, 46, 212, 236, 69, 232, 149, 238, 90, 161, 239, 189, 98, 248, 242, 167, 148, 233]",4.4536683239999775
m_ws_ratio,72,0,1,1905,0.8,255,250,20,"[86, 88, 100, 187, 137, 118, 199, 249, 218, 136, 202, 167, 54, 44, 37, 92, 23, 164, 52, 40]","[120, 29, 171, 9, 2, 109, 234, 99, 94, 198, 186, 48, 150, 202, 28, 110, 107, 187, 249, 50]",4.3126228760000345
m_ws_ratio,73,0,1,1877,0.8,255,250,20,"[200, 59, 48, 214, 168, 142, 74, 206, 222, 187, 238, 251, 73, 125, 126, 71, 242, 112, 43, 205]","[43, 192, 28, 54, 32, 164, 150, 246, 27, 49, 233, 155, 147, 70, 240, 134, 40, 110, 168, 65]",4.3347629090000055
m_ws_ratio,74,0,1,2173,0.8,255,250,20,"[6, 82, 141, 25, 138, 244, 23, 105, 244, 179, 158, 216, 206, 180, 63, 255, 192, 126, 33, 84]","[99, 21, 26, 40, 72, 57, 203, 228, 169, 134, 220, 221, 131, 144, 15, 170, 238, 126, 213, 190]",4.388863918999959
m_ws_ratio,75,0,1,1623,0.8,255,250,20,"[48, 74, 63, 250, 24, 203, 38, 69, 233, 235, 249, 234, 187, 135, 253, 5, 160, 114, 129, 18]","[65, 114, 197, 14, 19, 106, 118, 200, 8, 250, 50, 89, 63, 4, 84, 160, 143, 119, 170, 56]",4.440229233000025
m_ws_ratio,76,0,1,2302,0.8,255,250,20,"[153, 205, 126, 50, 9, 14, 7, 187, 96, 28, 154, 9, 238, 24, 230, 134, 4, 188, 99, 103]","[232, 27, 190, 200, 68, 174, 220, 107, 78, 158, 155, 13, 145, 238, 216, 1, 157, 148, 104, 247]",4.395750635000013
m_ws_ratio,77,0,1,1812,0.8,255,250,20,"[10, 109, 235, 202, 236, 2, 47, 122, 82, 15, 237, 253, 200, 162, 228, 63, 249, 66, 159, 8]","[148, 93, 34, 111, 9, 168, 90, 71, 156, 139, 89, 58, 187, 173, 2, 134, 140, 56, 203, 204]",4.65032193899998
m_ws_ratio,78,0,1,2319,0.8,255,250,20,"[177, 23, 194, 135, 21, 99, 137, 104, 197, 234, 92, 169, 235, 14, 82, 250, 156, 246, 79, 219]","[244, 91, 40, 6, 246, 190, 5, 220, 182, 112, 192, 146, 161, 162, 115, 87, 191, 218, 172, 119]",4.843090785000015
m_ws_ratio,79,0,1,1914,0.8,255,250,20,"[213, 241, 233, 90, 8, 148, 222, 61, 163, 247, 42, 124, 213, 180, 211, 16, 114, 102, 54, 46]","[225, 17, 234, 104, 28, 183, 145, 10, 238, 60, 62, 37, 186, 211, 25, 13, 54, 249, 79, 233]",4.47183370099998
m_ws_ratio,80,0,1,2240,0.9,255,250,20,"[49, 37, 83, 93, 251, 186, 87, 34, 83, 92, 248, 223, 143, 178, 108, 156, 241, 242, 128, 208]","[192, 217, 121, 81, 157, 188, 104, 126, 52, 166, 164, 110, 43, 135, 21, 65, 194, 19, 191, 143]",4.414552144000027
m_ws_ratio,81,0,1,2076,0.9,255,250,20,"[255, 169, 160, 212, 44, 139, 36, 148, 125, 240, 64, 46, 175, 7, 102, 129, 85, 103, 121, 136]","[15, 132, 165, 45, 180, 212, 163, 76, 146, 83, 58, 92, 109, 237, 187, 179, 21, 47, 74, 86]",4.517310821000024
m_ws_ratio,82,0,1,2652,0.9,255,250,20,"[128, 169, 222, 40, 175, 233, 163, 159, 182, 1, 124, 1, 42, 69, 160, 70, 94, 67, 42, 23]","[246, 139, 58, 221, 146, 101, 154, 204, 52, 15, 125, 144, 105, 35, 234, 136, 167, 240, 192, 233]",4.628462732999992
m_ws_ratio,83,0,1,2019,0.9,255,250,20,"[129, 71, 150, 244, 11, 103, 244, 214, 204, 191, 229, 12, 114, 126, 183, 56, 185, 41, 116, 67]","[216, 40, 26, 85, 239, 121, 144, 110, 157, 29, 14, 120, 39, 108, 170, 237, 61, 153, 81, 94]",4.589771361999965
m_ws_ratio,84,0,1,2606,0.9,255,250,20,"[175, 193, 84, 158, 121, 150, 68, 82, 34, 84, 191, 76, 142, 231, 20, 91, 95, 70, 41, 195]","[108, 67, 190, 111, 114, 233, 8, 193, 205, 159, 200, 185, 188, 4, 187, 174, 141, 215, 65, 149]",5.377500174999966
m_ws_ratio,85,0,1,2288,0.9,255,250,20,"[101, 165, 223, 233, 254, 148, 34, 214, 74, 48, 102, 157, 165, 245, 69, 110, 145, 80, 9, 240]","[153, 114, 3, 229, 121, 183, 25, 33, 160, 184, 190, 196, 199, 11, 235, 145, 141, 149, 18, 54]",4.580548158999989
m_ws_ratio,86,0,1,2034,0.9,255,250,20,"[117, 197, 227, 197, 216, 8, 254, 129, 6, 240, 175, 241, 240, 176, 121, 127, 68, 7, 199, 182]","[218, 162, 205, 157, 37, 164, 49, 9, 19, 214, 131, 94, 69, 117, 73, 76, 89, 213, 40, 125]",4.407486360999997
m_ws_ratio,87,0,1,1830,0.9,255,250,20,"[57, 185, 116, 97, 77, 42, 215, 91, 18, 168, 64, 84, 82, 9, 231, 60, 251, 76, 120, 164]","[195, 132, 62, 25, 46, 5, 184, 123, 11, 221, 189, 128, 43, 65, 91, 120, 29, 206, 3, 156]",4.4127051840000036
m_ws_ratio,88,0,1,2525,0.9,255,250,20,"[77, 187, 230, 44, 231, 7, 30, 103, 11, 114, 177, 202, 195, 5, 75, 92, 243, 59, 102, 145]","[153, 12, 187, 239, 34, 236, 141, 247, 181, 108, 208, 18, 103, 97, 64, 190, 116, 155, 245, 72]",4.459705920000033
m_ws_ratio,89,0,1,2082,0.9,255,250,20,"[214, 214, 29, 58, 54, 188, 115, 166, 108, 83, 59, 7, 164, 249, 47, 66, 192, 178, 91, 145]","[39, 195, 142, 36, 87, 12, 176, 17, 197, 166, 14, 120, 240, 105, 77, 38, 72, 221, 211, 149]",4.601830511999992
max_cost,180,0,1,1271,0.5,50,250,20,"[34, 48, 3, 5, 41, 18, 12, 8, 45, 29, 11, 15, 50, 42, 1, 14, 6, 6, 50, 38]","[213, 199, 81, 40, 30, 226, 51, 218, 151, 108, 79, 200, 67, 65, 28, 107, 152, 196, 146, 186]",4.031029340000032
max_cost,181,0,1,1100,0.5,50,250,20,"[5, 41, 45, 21, 49, 45, 50, 29, 20, 26, 42, 34, 35, 38, 18, 26, 4, 2, 20, 47]","[77, 88, 74, 141, 15, 99, 161, 60, 124, 229, 78, 79, 187, 181, 22, 114, 56, 100, 97, 218]",4.191887049999991
max_cost,182,0,1,1217,0.5,50,250,20,"[13, 21, 35, 49, 50, 34, 5, 29, 49, 10, 33, 23, 36, 35, 44, 26, 37, 31, 18, 28]","[70, 107, 74, 170, 156, 226, 93, 19, 39, 168, 166, 187, 237, 175, 7, 131, 8, 147, 23, 231]",4.179222330000016
max_cost,183,0,1,1087,0.5,50,250,20,"[7, 11, 31, 1, 8, 47, 48, 30, 45, 42, 44, 46, 16, 4, 9, 5, 44, 25, 27, 16]","[19, 13, 11, 241, 229, 62, 142, 69, 34, 164, 89, 70, 132, 29, 235, 82, 215, 77, 57, 205]",4.039698985999962
max_cost,184,0,1,1291,0.5,50,250,20,"[1, 38, 37, 16, 14, 46, 2, 50, 31, 38, 40, 5, 31, 12, 36, 49, 36, 11, 10, 24]","[140, 207, 122, 23, 100, 54, 233, 127, 30, 136, 112, 105, 204, 181, 10, 177, 188, 138, 172, 123]",4.021735163000017
max_cost,185,0,1,1165,0.5,50,250,20,"[18, 33, 8, 25, 2, 33, 38, 23, 1, 28, 49, 39, 36, 38, 24, 26, 4, 40, 44, 22]","[32, 158, 245, 164, 93, 136, 192, 190, 102, 110, 52, 13, 60, 99, 159, 69, 33, 20, 219, 185]",3.9481060119999256
max_cost,186,0,1,1170,0.5,50,250,20,"[19, 23, 19, 9, 6, 22, 3, 15, 11, 49, 23, 18, 46, 46, 44, 22, 46, 23, 40, 37]","[31, 179, 108, 197, 169, 89, 204, 11, 239, 152, 86, 24, 128, 210, 189, 118, 114, 44, 16, 32]",3.908343395000088
max_cost,187,0,1,1171,0.5,50,250,20,"[22, 2, 20, 14, 20, 15, 38, 21, 42, 23, 36, 50, 39, 1, 5, 26, 46, 16, 17, 15]","[147, 108, 174, 67, 180, 12, 244, 133, 33, 69, 87, 144, 83, 124, 28, 237, 228, 4, 44, 197]",3.9819705529999965
max_cost,188,0,1,1332,0.5,50,250,20,"[12, 20, 29, 39, 24, 34, 26, 8, 19, 6, 13, 2, 38, 35, 16, 37, 10, 24, 12, 34]","[131, 209, 196, 152, 147, 225, 220, 17, 149, 138, 55, 133, 140, 119, 5, 250, 27, 106, 109, 137]",3.877793044999976
max_cost,189,0,1,1355,0.5,50,250,20,"[22, 13, 11, 8, 18, 12, 16, 40, 36, 49, 34, 46, 50, 47, 24, 48, 35, 35, 25, 44]","[186, 153, 188, 63, 48, 162, 203, 202, 234, 46, 87, 177, 239, 136, 211, 31, 45, 60, 47, 192]",3.937037364000048
max_cost,190,0,1,1271,0.5,75,250,20,"[9, 23, 28, 55, 16, 68, 37, 33, 45, 29, 61, 65, 25, 17, 26, 39, 31, 31, 50, 63]","[213, 199, 81, 40, 30, 226, 51, 218, 151, 108, 79, 200, 67, 65, 28, 107, 152, 196, 146, 186]",4.147067219000064
max_cost,191,0,1,1100,0.5,75,250,20,"[30, 66, 20, 21, 74, 70, 25, 29, 45, 1, 42, 9, 35, 63, 43, 26, 29, 27, 45, 72]","[77, 88, 74, 141, 15, 99, 161, 60, 124, 229, 78, 79, 187, 181, 22, 114, 56, 100, 97, 218]",4.240203032999943
max_cost,192,0,1,1217,0.5,75,250,20,"[13, 71, 60, 24, 25, 59, 5, 4, 24, 35, 58, 73, 61, 10, 19, 1, 37, 56, 18, 3]","[70, 107, 74, 170, 156, 226, 93, 19, 39, 168, 166, 187, 237, 175, 7, 131, 8, 147, 23, 231]",4.232475436999948
max_cost,193,0,1,1087,0.5,75,250,20,"[57, 61, 6, 1, 8, 72, 48, 30, 70, 17, 44, 21, 66, 54, 34, 55, 19, 25, 52, 41]","[19, 13, 11, 241, 229, 62, 142, 69, 34, 164, 89, 70, 132, 29, 235, 82, 215, 77, 57, 205]",4.680562549000001
max_cost,194,0,1,1291,0.5,75,250,20,"[26, 13, 37, 66, 39, 21, 2, 75, 56, 13, 15, 55, 56, 12, 11, 49, 36, 61, 60, 24]","[140, 207, 122, 23, 100, 54, 233, 127, 30, 136, 112, 105, 204, 181, 10, 177, 188, 138, 172, 123]",4.234571908000021
max_cost,195,0,1,1165,0.5,75,250,20,"[68, 33, 33, 50, 2, 8, 38, 23, 1, 3, 74, 64, 11, 13, 49, 51, 54, 15, 19, 72]","[32, 158, 245, 164, 93, 136, 192, 190, 102, 110, 52, 13, 60, 99, 159, 69, 33, 20, 219, 185]",4.097317314000065
max_cost,196,0,1,1170,0.5,75,250,20,"[44, 48, 69, 9, 56, 72, 3, 15, 11, 49, 48, 18, 46, 21, 69, 47, 71, 48, 65, 12]","[31, 179, 108, 197, 169, 89, 204, 11, 239, 152, 86, 24, 128, 210, 189, 118, 114, 44, 16, 32]",4.167251816000089
max_cost,197,0,1,1171,0.5,75,250,20,"[22, 52, 45, 14, 70, 15, 63, 21, 42, 73, 36, 25, 39, 26, 30, 26, 21, 66, 42, 40]","[147, 108, 174, 67, 180, 12, 244, 133, 33, 69, 87, 144, 83, 124, 28, 237, 228, 4, 44, 197]",4.19528970600004
max_cost,198,0,1,1332,0.5,75,250,20,"[37, 45, 4, 64, 74, 34, 1, 58, 44, 56, 13, 2, 13, 60, 66, 37, 60, 49, 37, 34]","[131, 209, 196, 152, 147, 225, 220, 17, 149, 138, 55, 133, 140, 119, 5, 250, 27, 106, 109, 137]",4.208043668000073
max_cost,199,0,1,1355,0.5,75,250,20,"[72, 13, 36, 58, 18, 12, 41, 15, 11, 74, 59, 71, 50, 47, 74, 23, 35, 10, 50, 69]","[186, 153, 188, 63, 48, 162, 203, 202, 234, 46, 87, 177, 239, 136, 211, 31, 45, 60, 47, 192]",4.160777996999968
max_cost,200,0,1,1271,0.5,100,250,20,"[84, 98, 3, 5, 91, 68, 62, 8, 95, 29, 61, 65, 50, 42, 51, 14, 6, 56, 100, 88]","[213, 199, 81, 40, 30, 226, 51, 218, 151, 108, 79, 200, 67, 65, 28, 107, 152, 196, 146, 186]",4.201663796999924
max_cost,201,0,1,1100,0.5,100,250,20,"[55, 91, 95, 71, 49, 95, 50, 29, 70, 26, 42, 84, 35, 88, 68, 76, 54, 2, 70, 47]","[77, 88, 74, 141, 15, 99, 161, 60, 124, 229, 78, 79, 187, 181, 22, 114, 56, 100, 97, 218]",4.312894176999976
max_cost,202,0,1,1217,0.5,100,250,20,"[13, 21, 35, 99, 100, 34, 55, 29, 49, 10, 83, 23, 36, 35, 94, 76, 87, 81, 68, 28]","[70, 107, 74, 170, 156, 226, 93, 19, 39, 168, 166, 187, 237, 175, 7, 131, 8, 147, 23, 231]",4.230456136999919
max_cost,203,0,1,1087,0.5,100,250,20,"[7, 11, 81, 1, 58, 97, 98, 80, 95, 42, 94, 46, 66, 4, 9, 55, 44, 25, 27, 16]","[19, 13, 11, 241, 229, 62, 142, 69, 34, 164, 89, 70, 132, 29, 235, 82, 215, 77, 57, 205]",4.337155460000076
max_cost,204,0,1,1291,0.5,100,250,20,"[1, 38, 87, 66, 64, 46, 52, 50, 81, 38, 40, 55, 31, 62, 36, 49, 36, 11, 60, 24]","[140, 207, 122, 23, 100, 54, 233, 127, 30, 136, 112, 105, 204, 181, 10, 177, 188, 138, 172, 123]",4.253128247000063
max_cost,205,0,1,1165,0.5,100,250,20,"[18, 33, 58, 75, 52, 83, 38, 23, 51, 28, 49, 89, 36, 88, 24, 26, 54, 40, 94, 22]","[32, 158, 245, 164, 93, 136, 192, 190, 102, 110, 52, 13, 60, 99, 159, 69, 33, 20, 219, 185]",4.2579694589999235
max_cost,206,0,1,1170,0.5,100,250,20,"[69, 23, 19, 9, 6, 72, 3, 65, 61, 99, 73, 18, 96, 96, 44, 72, 46, 73, 90, 37]","[31, 179, 108, 197, 169, 89, 204, 11, 239, 152, 86, 24, 128, 210, 189, 118, 114, 44, 16, 32]",4.236938589000033
max_cost,207,0,1,1171,0.5,100,250,20,"[22, 52, 20, 14, 20, 15, 88, 21, 42, 23, 86, 100, 39, 51, 5, 26, 46, 66, 67, 65]","[147, 108, 174, 67, 180, 12, 244, 133, 33, 69, 87, 144, 83, 124, 28, 237, 228, 4, 44, 197]",4.199529865999921
max_cost,208,0,1,1332,0.5,100,250,20,"[12, 70, 29, 89, 74, 34, 76, 58, 19, 56, 63, 2, 38, 85, 16, 87, 10, 74, 62, 84]","[131, 209, 196, 152, 147, 225, 220, 17, 149, 138, 55, 133, 140, 119, 5, 250, 27, 106, 109, 137]",4.494280474999982
max_cost,209,0,1,1355,0.5,100,250,20,"[72, 13, 61, 58, 18, 12, 16, 40, 36, 49, 34, 46, 100, 47, 74, 98, 85, 85, 25, 94]","[186, 153, 188, 63, 48, 162, 203, 202, 234, 46, 87, 177, 239, 136, 211, 31, 45, 60, 47, 192]",4.235722119999991
max_cost,210,0,1,1271,0.5,125,250,20,"[9, 23, 28, 55, 41, 93, 62, 108, 95, 79, 61, 115, 75, 42, 101, 14, 106, 31, 125, 38]","[213, 199, 81, 40, 30, 226, 51, 218, 151, 108, 79, 200, 67, 65, 28, 107, 152, 196, 146, 186]",4.2750272189999805
max_cost,211,0,1,1100,0.5,125,250,20,"[5, 116, 70, 21, 124, 70, 25, 79, 120, 76, 117, 59, 110, 38, 93, 26, 104, 102, 120, 72]","[77, 88, 74, 141, 15, 99, 161, 60, 124, 229, 78, 79, 187, 181, 22, 114, 56, 100, 97, 218]",4.3457988410000326
max_cost,212,0,1,1217,0.5,125,250,20,"[38, 71, 60, 49, 125, 109, 55, 29, 74, 60, 8, 73, 36, 60, 119, 76, 112, 81, 43, 53]","[70, 107, 74, 170, 156, 226, 93, 19, 39, 168, 166, 187, 237, 175, 7, 131, 8, 147, 23, 231]",4.274628892999999
max_cost,213,0,1,1087,0.5,125,250,20,"[82, 111, 31, 26, 33, 122, 123, 105, 95, 17, 44, 96, 91, 29, 9, 105, 94, 125, 102, 66]","[19, 13, 11, 241, 229, 62, 142, 69, 34, 164, 89, 70, 132, 29, 235, 82, 215, 77, 57, 205]",4.305092140999932
max_cost,214,0,1,1291,0.5,125,250,20,"[76, 13, 62, 91, 39, 121, 2, 50, 31, 38, 115, 80, 56, 112, 11, 24, 111, 36, 35, 74]","[140, 207, 122, 23, 100, 54, 233, 127, 30, 136, 112, 105, 204, 181, 10, 177, 188, 138, 172, 123]",4.409698641999967
max_cost,215,0,1,1165,0.5,125,250,20,"[118, 33, 83, 25, 77, 83, 13, 123, 51, 28, 24, 64, 36, 38, 24, 26, 79, 115, 44, 22]","[32, 158, 245, 164, 93, 136, 192, 190, 102, 110, 52, 13, 60, 99, 159, 69, 33, 20, 219, 185]",4.312620240000001
max_cost,216,0,1,1170,0.5,125,250,20,"[119, 98, 119, 84, 56, 72, 78, 115, 86, 124, 73, 118, 21, 96, 19, 72, 46, 73, 115, 37]","[31, 179, 108, 197, 169, 89, 204, 11, 239, 152, 86, 24, 128, 210, 189, 118, 114, 44, 16, 32]",4.338846725000053
max_cost,217,0,1,1171,0.5,125,250,20,"[97, 77, 95, 14, 70, 15, 13, 121, 92, 73, 61, 75, 39, 76, 30, 26, 71, 41, 17, 90]","[147, 108, 174, 67, 180, 12, 244, 133, 33, 69, 87, 144, 83, 124, 28, 237, 228, 4, 44, 197]",4.547287013999949
max_cost,218,0,1,1332,0.5,125,250,20,"[87, 120, 79, 14, 99, 59, 26, 8, 69, 31, 38, 102, 113, 35, 66, 112, 60, 74, 87, 59]","[131, 209, 196, 152, 147, 225, 220, 17, 149, 138, 55, 133, 140, 119, 5, 250, 27, 106, 109, 137]",4.260575958000004
max_cost,219,0,1,1355,0.5,125,250,20,"[47, 63, 36, 108, 93, 62, 116, 65, 111, 49, 9, 21, 125, 97, 124, 123, 35, 85, 100, 94]","[186, 153, 188, 63, 48, 162, 203, 202, 234, 46, 87, 177, 239, 136, 211, 31, 45, 60, 47, 192]",4.284884535999936
max_cost,220,0,1,1271,0.5,150,250,20,"[84, 98, 103, 55, 91, 68, 112, 108, 45, 29, 61, 65, 100, 92, 101, 114, 106, 106, 50, 138]","[213, 199, 81, 40, 30, 226, 51, 218, 151, 108, 79, 200, 67, 65, 28, 107, 152, 196, 146, 186]",4.342774553000027
max_cost,221,0,1,1100,0.5,150,250,20,"[105, 141, 95, 21, 149, 145, 100, 29, 120, 76, 42, 84, 35, 138, 118, 26, 104, 102, 120, 147]","[77, 88, 74, 141, 15, 99, 161, 60, 124, 229, 78, 79, 187, 181, 22, 114, 56, 100, 97, 218]",4.631242652999958
max_cost,222,0,1,1217,0.5,150,250,20,"[13, 71, 135, 99, 100, 134, 5, 79, 99, 110, 133, 73, 136, 85, 94, 76, 37, 131, 18, 78]","[70, 107, 74, 170, 156, 226, 93, 19, 39, 168, 166, 187, 237, 175, 7, 131, 8, 147, 23, 231]",4.611943143000076
max_cost,223,0,1,1087,0.5,150,250,20,"[57, 61, 81, 1, 8, 147, 48, 30, 145, 92, 44, 96, 66, 54, 109, 55, 94, 25, 127, 116]","[19, 13, 11, 241, 229, 62, 142, 69, 34, 164, 89, 70, 132, 29, 235, 82, 215, 77, 57, 205]",4.898712118000049
max_cost,224,0,1,1291,0.5,150,250,20,"[101, 88, 37, 66, 114, 96, 2, 150, 131, 88, 90, 55, 131, 12, 86, 49, 36, 61, 60, 24]","[140, 207, 122, 23, 100, 54, 233, 127, 30, 136, 112, 105, 204, 181, 10, 177, 188, 138, 172, 123]",5.74319687000002
max_cost,225,0,1,1165,0.5,150,250,20,"[68, 33, 108, 125, 2, 83, 38, 23, 1, 78, 149, 139, 86, 88, 124, 126, 54, 90, 94, 72]","[32, 158, 245, 164, 93, 136, 192, 190, 102, 110, 52, 13, 60, 99, 159, 69, 33, 20, 219, 185]",5.665624896000054
max_cost,226,0,1,1170,0.5,150,250,20,"[119, 123, 69, 9, 56, 72, 3, 15, 11, 49, 123, 18, 46, 96, 144, 122, 146, 123, 140, 87]","[31, 179, 108, 197, 169, 89, 204, 11, 239, 152, 86, 24, 128, 210, 189, 118, 114, 44, 16, 32]",5.321403753000027
max_cost,227,0,1,1171,0.5,150,250,20,"[22, 52, 120, 14, 70, 15, 138, 21, 42, 73, 36, 100, 39, 101, 105, 26, 96, 66, 117, 115]","[147, 108, 174, 67, 180, 12, 244, 133, 33, 69, 87, 144, 83, 124, 28, 237, 228, 4, 44, 197]",4.492447283000047
max_cost,228,0,1,1332,0.5,150,250,20,"[112, 120, 79, 139, 74, 34, 76, 58, 119, 56, 13, 2, 88, 135, 66, 37, 60, 124, 112, 34]","[131, 209, 196, 152, 147, 225, 220, 17, 149, 138, 55, 133, 140, 119, 5, 250, 27, 106, 109, 137]",4.503227862000017
max_cost,229,0,1,1355,0.5,150,250,20,"[72, 13, 111, 58, 18, 12, 116, 90, 86, 149, 134, 146, 50, 47, 74, 98, 35, 85, 125, 144]","[186, 153, 188, 63, 48, 162, 203, 202, 234, 46, 87, 177, 239, 136, 211, 31, 45, 60, 47, 192]",4.632276349999984
max_cost,230,0,1,1271,0.5,175,250,20,"[109, 73, 128, 5, 166, 168, 137, 133, 95, 104, 61, 140, 100, 167, 26, 39, 81, 56, 175, 138]","[213, 199, 81, 40, 30, 226, 51, 218, 151, 108, 79, 200, 67, 65, 28, 107, 152, 196, 146, 186]",4.651503105000074
max_cost,231,0,1,1100,0.5,175,250,20,"[5, 91, 20, 21, 174, 45, 75, 104, 95, 51, 142, 9, 35, 113, 118, 51, 4, 2, 20, 22]","[77, 88, 74, 141, 15, 99, 161, 60, 124, 229, 78, 79, 187, 181, 22, 114, 56, 100, 97, 218]",4.710318289999918
max_cost,232,0,1,1217,0.5,175,250,20,"[13, 171, 160, 24, 75, 159, 30, 154, 124, 110, 133, 48, 136, 160, 169, 76, 62, 156, 43, 78]","[70, 107, 74, 170, 156, 226, 93, 19, 39, 168, 166, 187, 237, 175, 7, 131, 8, 147, 23, 231]",4.578060376000053
max_cost,233,0,1,1087,0.5,175,250,20,"[32, 111, 6, 101, 133, 172, 148, 5, 70, 42, 169, 46, 166, 54, 159, 80, 169, 175, 152, 166]","[19, 13, 11, 241, 229, 62, 142, 69, 34, 164, 89, 70, 132, 29, 235, 82, 215, 77, 57, 205]",5.203670827999986
max_cost,234,0,1,1291,0.5,175,250,20,"[101, 113, 62, 16, 64, 21, 102, 125, 106, 88, 15, 55, 131, 62, 136, 49, 86, 136, 160, 49]","[140, 207, 122, 23, 100, 54, 233, 127, 30, 136, 112, 105, 204, 181, 10, 177, 188, 138, 172, 123]",5.165937830000075
max_cost,235,0,1,1165,0.5,175,250,20,"[18, 133, 133, 175, 127, 83, 88, 123, 1, 3, 74, 164, 36, 163, 174, 51, 129, 115, 119, 72]","[32, 158, 245, 164, 93, 136, 192, 190, 102, 110, 52, 13, 60, 99, 159, 69, 33, 20, 219, 185]",5.313648053999941
max_cost,236,0,1,1170,0.5,175,250,20,"[44, 73, 19, 59, 56, 22, 103, 140, 136, 149, 123, 93, 121, 21, 169, 22, 171, 98, 90, 162]","[31, 179, 108, 197, 169, 89, 204, 11, 239, 152, 86, 24, 128, 210, 189, 118, 114, 44, 16, 32]",4.60436876499989
max_cost,237,0,1,1171,0.5,175,250,20,"[172, 52, 170, 39, 120, 65, 13, 96, 167, 173, 11, 150, 89, 126, 30, 101, 96, 91, 117, 90]","[147, 108, 174, 67, 180, 12, 244, 133, 33, 69, 87, 144, 83, 124, 28, 237, 228, 4, 44, 197]",5.296620890999975
max_cost,238,0,1,1332,0.5,175,250,20,"[87, 95, 54, 14, 49, 134, 101, 133, 44, 156, 38, 52, 38, 160, 141, 62, 10, 74, 87, 34]","[131, 209, 196, 152, 147, 225, 220, 17, 149, 138, 55, 133, 140, 119, 5, 250, 27, 106, 109, 137]",4.6993011949999755
max_cost,239,0,1,1355,0.5,175,250,20,"[122, 138, 36, 83, 68, 162, 91, 65, 161, 174, 59, 46, 100, 47, 74, 48, 135, 60, 75, 119]","[186, 153, 188, 63, 48, 162, 203, 202, 234, 46, 87, 177, 239, 136, 211, 31, 45, 60, 47, 192]",6.224510510000073
max_cost,240,0,1,1271,0.5,200,250,20,"[184, 198, 3, 105, 191, 168, 62, 108, 95, 129, 61, 165, 50, 142, 151, 114, 6, 156, 200, 88]","[213, 199, 81, 40, 30, 226, 51, 218, 151, 108, 79, 200, 67, 65, 28, 107, 152, 196, 146, 186]",5.028568079000024
max_cost,241,0,1,1100,0.5,200,250,20,"[155, 191, 195, 71, 149, 95, 150, 129, 70, 26, 42, 84, 135, 88, 68, 76, 54, 102, 170, 147]","[77, 88, 74, 141, 15, 99, 161, 60, 124, 229, 78, 79, 187, 181, 22, 114, 56, 100, 97, 218]",4.888417516000004
max_cost,242,0,1,1217,0.5,200,250,20,"[113, 21, 35, 199, 100, 134, 155, 29, 149, 10, 83, 123, 136, 135, 194, 176, 187, 181, 168, 28]","[70, 107, 74, 170, 156, 226, 93, 19, 39, 168, 166, 187, 237, 175, 7, 131, 8, 147, 23, 231]",4.392076782000004
max_cost,243,0,1,1087,0.5,200,250,20,"[107, 111, 81, 101, 158, 197, 98, 80, 95, 42, 94, 146, 166, 4, 9, 55, 144, 25, 27, 116]","[19, 13, 11, 241, 229, 62, 142, 69, 34, 164, 89, 70, 132, 29, 235, 82, 215, 77, 57, 205]",4.802173431000028
max_cost,244,0,1,1291,0.5,200,250,20,"[1, 138, 187, 166, 164, 46, 152, 50, 81, 38, 140, 55, 31, 62, 36, 49, 36, 11, 60, 24]","[140, 207, 122, 23, 100, 54, 233, 127, 30, 136, 112, 105, 204, 181, 10, 177, 188, 138, 172, 123]",4.577253960000007
max_cost,245,0,1,1165,0.5,200,250,20,"[18, 133, 158, 175, 152, 183, 38, 123, 151, 28, 49, 89, 36, 188, 124, 26, 54, 140, 94, 22]","[32, 158, 245, 164, 93, 136, 192, 190, 102, 110, 52, 13, 60, 99, 159, 69, 33, 20, 219, 185]",4.667326197999955
max_cost,246,0,1,1170,0.5,200,250,20,"[69, 23, 19, 109, 6, 72, 103, 65, 61, 99, 173, 118, 196, 96, 144, 172, 146, 173, 90, 37]","[31, 179, 108, 197, 169, 89, 204, 11, 239, 152, 86, 24, 128, 210, 189, 118, 114, 44, 16, 32]",4.085447313999907
max_cost,247,0,1,1171,0.5,200,250,20,"[122, 52, 20, 114, 120, 15, 88, 21, 142, 123, 186, 200, 39, 151, 5, 126, 46, 66, 167, 165]","[147, 108, 174, 67, 180, 12, 244, 133, 33, 69, 87, 144, 83, 124, 28, 237, 228, 4, 44, 197]",4.815045811999994
max_cost,248,0,1,1332,0.5,200,250,20,"[112, 170, 29, 89, 174, 34, 76, 58, 19, 156, 63, 2, 38, 85, 116, 87, 10, 174, 62, 184]","[131, 209, 196, 152, 147, 225, 220, 17, 149, 138, 55, 133, 140, 119, 5, 250, 27, 106, 109, 137]",4.3316213599999855
max_cost,249,0,1,1355,0.5,200,250,20,"[72, 13, 61, 158, 118, 12, 116, 140, 136, 49, 134, 146, 200, 47, 174, 198, 185, 185, 125, 194]","[186, 153, 188, 63, 48, 162, 203, 202, 234, 46, 87, 177, 239, 136, 211, 31, 45, 60, 47, 192]",4.160387454000102
max_cost,250,0,1,1208,0.5,225,250,20,"[113, 174, 99, 156, 106, 218, 186, 40, 179, 163, 143, 77, 198, 44, 185, 25, 69, 27, 218, 213]","[72, 89, 179, 245, 120, 79, 56, 88, 57, 75, 65, 14, 184, 67, 152, 155, 122, 198, 242, 157]",4.324952262000011
max_cost,251,0,1,1525,0.5,225,250,20,"[211, 55, 70, 57, 93, 215, 159, 19, 61, 211, 168, 91, 208, 4, 126, 176, 24, 161, 99, 220]","[73, 208, 23, 19, 176, 219, 235, 193, 133, 237, 195, 210, 236, 218, 202, 42, 63, 105, 145, 119]",4.404752828000028
max_cost,252,0,1,1499,0.5,225,250,20,"[89, 201, 205, 84, 159, 59, 79, 164, 94, 139, 210, 209, 145, 18, 78, 154, 2, 160, 185, 154]","[216, 161, 124, 221, 65, 244, 51, 75, 213, 217, 119, 39, 210, 207, 89, 186, 238, 95, 110, 118]",4.767424451000011
max_cost,253,0,1,953,0.5,225,250,20,"[20, 219, 171, 125, 185, 51, 221, 138, 40, 104, 131, 189, 189, 44, 42, 217, 82, 79, 195, 135]","[168, 159, 158, 89, 136, 234, 93, 20, 2, 3, 27, 19, 132, 73, 23, 49, 61, 219, 76, 166]",4.0294147969999585
max_cost,254,0,1,1181,0.5,225,250,20,"[143, 125, 214, 203, 82, 148, 119, 88, 150, 109, 54, 81, 15, 41, 26, 165, 27, 106, 42, 85]","[30, 227, 62, 76, 41, 179, 75, 155, 116, 210, 148, 70, 91, 236, 84, 51, 193, 40, 168, 111]",3.93075628400004
max_cost,255,0,1,1241,0.5,225,250,20,"[66, 75, 62, 27, 224, 210, 80, 142, 50, 181, 184, 121, 11, 105, 188, 2, 196, 40, 65, 121]","[23, 83, 185, 137, 86, 161, 52, 40, 221, 159, 27, 120, 236, 28, 228, 64, 29, 153, 234, 216]",3.9860325700000203
max_cost,256,0,1,1464,0.5,225,250,20,"[201, 218, 221, 27, 194, 223, 154, 190, 223, 43, 32, 92, 131, 115, 56, 138, 158, 60, 5, 45]","[90, 5, 207, 236, 22, 82, 103, 220, 64, 194, 237, 97, 249, 238, 159, 226, 73, 59, 211, 156]",4.2935502589999714
max_cost,257,0,1,1410,0.5,225,250,20,"[60, 224, 188, 144, 112, 154, 56, 213, 94, 54, 61, 24, 151, 56, 215, 89, 124, 124, 14, 143]","[230, 198, 49, 48, 108, 202, 105, 54, 194, 136, 126, 116, 43, 210, 208, 250, 224, 89, 161, 69]",4.2418478099999675
max_cost,258,0,1,1352,0.5,225,250,20,"[96, 154, 102, 171, 203, 222, 17, 83, 207, 28, 64, 124, 30, 100, 168, 219, 140, 188, 115, 89]","[125, 73, 226, 116, 172, 224, 214, 97, 69, 213, 23, 166, 112, 74, 243, 142, 163, 49, 193, 11]",4.346196093999993
max_cost,259,0,1,1258,0.5,225,250,20,"[184, 182, 157, 21, 4, 39, 216, 81, 11, 114, 24, 42, 132, 57, 197, 200, 173, 39, 73, 173]","[17, 160, 27, 42, 165, 223, 68, 137, 245, 155, 103, 159, 215, 4, 116, 240, 31, 126, 214, 70]",4.5794990809999945
max_cost,260,0,1,1208,0.5,250,250,20,"[38, 124, 249, 6, 131, 143, 186, 40, 29, 38, 143, 102, 198, 69, 85, 75, 244, 152, 193, 213]","[72, 89, 179, 245, 120, 79, 56, 88, 57, 75, 65, 14, 184, 67, 152, 155, 122, 198, 242, 157]",4.2469607509999605
max_cost,261,0,1,1525,0.5,250,250,20,"[236, 230, 45, 182, 93, 240, 84, 169, 111, 136, 243, 66, 158, 79, 226, 126, 249, 86, 124, 70]","[73, 208, 23, 19, 176, 219, 235, 193, 133, 237, 195, 210, 236, 218, 202, 42, 63, 105, 145, 119]",4.058873926999922
max_cost,262,0,1,1499,0.5,250,250,20,"[189, 201, 205, 109, 59, 9, 204, 139, 144, 164, 110, 34, 245, 118, 128, 129, 2, 60, 160, 104]","[216, 161, 124, 221, 65, 244, 51, 75, 213, 217, 119, 39, 210, 207, 89, 186, 238, 95, 110, 118]",4.068761805000008
max_cost,263,0,1,953,0.5,250,250,20,"[20, 94, 121, 125, 60, 26, 46, 63, 240, 129, 131, 14, 114, 94, 42, 42, 207, 179, 195, 135]","[168, 159, 158, 89, 136, 234, 93, 20, 2, 3, 27, 19, 132, 73, 23, 49, 61, 219, 76, 166]",4.021851638000044
max_cost,264,0,1,1181,0.5,250,250,20,"[43, 75, 39, 153, 57, 23, 44, 188, 100, 9, 104, 206, 140, 166, 151, 215, 27, 106, 217, 60]","[30, 227, 62, 76, 41, 179, 75, 155, 116, 210, 148, 70, 91, 236, 84, 51, 193, 40, 168, 111]",4.053631337999946
max_cost,265,0,1,1241,0.5,250,250,20,"[141, 200, 237, 152, 199, 85, 230, 142, 25, 156, 209, 71, 11, 5, 138, 102, 146, 65, 40, 171]","[23, 83, 185, 137, 86, 161, 52, 40, 221, 159, 27, 120, 236, 28, 228, 64, 29, 153, 234, 216]",4.057378545999995
max_cost,266,0,1,1464,0.5,250,250,20,"[126, 243, 146, 177, 144, 48, 54, 190, 248, 143, 7, 117, 181, 140, 81, 163, 183, 160, 80, 145]","[90, 5, 207, 236, 22, 82, 103, 220, 64, 194, 237, 97, 249, 238, 159, 226, 73, 59, 211, 156]",3.8813198880000073
max_cost,267,0,1,1410,0.5,250,250,20,"[110, 199, 113, 94, 137, 204, 206, 138, 194, 204, 111, 199, 26, 106, 115, 39, 49, 124, 239, 18]","[230, 198, 49, 48, 108, 202, 105, 54, 194, 136, 126, 116, 43, 210, 208, 250, 224, 89, 161, 69]",3.9762999780000428
max_cost,268,0,1,1352,0.5,250,250,20,"[21, 229, 127, 21, 103, 47, 192, 108, 57, 128, 64, 99, 5, 125, 143, 219, 215, 138, 165, 114]","[125, 73, 226, 116, 172, 224, 214, 97, 69, 213, 23, 166, 112, 74, 243, 142, 163, 49, 193, 11]",3.8987265659999366
max_cost,269,0,1,1258,0.5,250,250,20,"[234, 82, 7, 96, 4, 39, 241, 31, 211, 89, 149, 117, 207, 157, 122, 100, 173, 139, 73, 148]","[17, 160, 27, 42, 165, 223, 68, 137, 245, 155, 103, 159, 215, 4, 116, 240, 31, 126, 214, 70]",4.041110180999908
max_weight,90,0,1,250,0.5,255,50,20,"[49, 37, 83, 93, 251, 186, 87, 34, 83, 92, 248, 223, 143, 178, 146, 156, 241, 242, 128, 210]","[42, 17, 21, 31, 7, 38, 4, 26, 2, 16, 14, 10, 43, 35, 48, 15, 44, 19, 41, 28]",3.638635313000009
max_weight,91,0,1,265,0.5,255,50,20,"[127, 130, 80, 20, 197, 133, 76, 6, 243, 143, 12, 49, 32, 47, 214, 85, 244, 186, 36, 19]","[40, 44, 15, 47, 4, 34, 11, 13, 30, 45, 49, 1, 10, 2, 32, 21, 38, 41, 6, 48]",3.7378110189999916
max_weight,92,0,1,262,0.5,255,50,20,"[163, 61, 91, 233, 163, 82, 165, 155, 129, 80, 69, 160, 70, 110, 187, 233, 216, 71, 150, 204]","[9, 17, 5, 1, 4, 14, 42, 41, 44, 46, 35, 34, 36, 24, 27, 12, 38, 40, 26, 29]",3.965436767999904
max_weight,93,0,1,249,0.5,255,50,20,"[116, 134, 230, 157, 154, 109, 12, 114, 126, 20, 56, 185, 41, 116, 218, 182, 5, 141, 3, 133]","[1, 13, 14, 49, 44, 41, 20, 39, 8, 43, 37, 11, 3, 31, 2, 40, 18, 24, 26, 35]",3.7655539639999915
max_weight,94,0,1,266,0.5,255,50,20,"[8, 65, 9, 20, 230, 153, 234, 2, 169, 66, 155, 50, 99, 101, 168, 119, 188, 34, 214, 48]","[23, 17, 14, 24, 36, 11, 42, 21, 50, 46, 40, 30, 26, 3, 10, 8, 39, 25, 33, 34]",3.681391309999981
max_weight,95,0,1,273,0.5,255,50,20,"[102, 157, 165, 245, 69, 110, 145, 9, 240, 132, 150, 27, 172, 8, 164, 6, 201, 94, 64, 248]","[40, 46, 49, 11, 35, 45, 41, 18, 4, 37, 42, 47, 17, 14, 9, 19, 5, 10, 21, 36]",3.645914183000059
max_weight,96,0,1,278,0.5,255,50,20,"[161, 237, 68, 7, 199, 182, 57, 185, 116, 77, 42, 215, 91, 18, 144, 203, 193, 50, 231, 60]","[21, 42, 39, 13, 40, 25, 45, 32, 12, 46, 5, 34, 23, 11, 38, 29, 24, 17, 41, 20]",3.683303455999976
max_weight,97,0,1,228,0.5,255,50,20,"[251, 76, 120, 33, 77, 37, 149, 119, 211, 166, 217, 111, 114, 173, 22, 59, 92, 243, 217, 102]","[29, 6, 3, 34, 12, 37, 35, 49, 11, 22, 15, 33, 8, 27, 25, 5, 40, 16, 4, 45]",3.788928573000021
max_weight,98,0,1,267,0.5,255,50,20,"[145, 214, 214, 29, 58, 54, 188, 115, 166, 108, 83, 59, 7, 164, 249, 47, 66, 151, 221, 107]","[22, 39, 45, 42, 36, 37, 12, 26, 17, 47, 16, 14, 20, 40, 5, 27, 38, 32, 13, 6]",3.6509258090000003
max_weight,99,0,1,270,0.5,255,50,20,"[145, 163, 8, 24, 119, 98, 50, 130, 238, 29, 56, 69, 210, 61, 171, 183, 104, 58, 183, 21]","[49, 29, 42, 30, 26, 10, 18, 34, 23, 1, 6, 35, 38, 44, 12, 22, 47, 46, 27, 2]",3.9000380999999607
max_weight,100,0,1,421,0.5,255,75,20,"[49, 37, 83, 93, 251, 186, 87, 34, 83, 92, 248, 223, 143, 96, 146, 156, 241, 242, 198, 255]","[42, 67, 46, 56, 32, 38, 54, 26, 2, 41, 39, 60, 43, 28, 48, 40, 69, 44, 53, 15]",4.372037019000004
max_weight,101,0,1,312,0.5,255,75,20,"[169, 160, 212, 44, 139, 36, 148, 125, 240, 64, 46, 175, 47, 214, 101, 42, 121, 136, 19, 222]","[7, 40, 20, 5, 62, 13, 1, 21, 33, 8, 42, 34, 52, 57, 54, 10, 49, 36, 23, 58]",4.219678252999984
max_weight,102,0,1,351,0.5,255,75,20,"[40, 151, 239, 24, 82, 165, 155, 129, 42, 69, 160, 70, 110, 187, 233, 216, 255, 36, 230, 204]","[46, 55, 53, 43, 39, 17, 16, 19, 5, 35, 34, 61, 49, 52, 12, 38, 9, 71, 45, 4]",4.289159539000025
max_weight,103,0,1,337,0.5,255,75,20,"[116, 134, 230, 157, 154, 109, 12, 114, 126, 20, 56, 185, 41, 116, 67, 175, 193, 84, 158, 3]","[26, 13, 64, 49, 69, 41, 20, 14, 33, 18, 62, 11, 53, 56, 19, 8, 17, 65, 36, 1]",4.403396036999993
max_weight,104,0,1,414,0.5,255,75,20,"[133, 8, 65, 9, 20, 230, 153, 231, 20, 91, 95, 70, 99, 33, 89, 223, 233, 254, 148, 34]","[60, 23, 67, 64, 24, 11, 61, 54, 62, 49, 66, 65, 26, 30, 56, 3, 29, 46, 8, 25]",4.99760654399995
max_weight,105,0,1,374,0.5,255,75,20,"[214, 74, 48, 102, 157, 165, 245, 110, 145, 80, 9, 240, 132, 150, 27, 216, 8, 164, 6, 240]","[58, 10, 9, 40, 71, 24, 61, 20, 41, 49, 68, 4, 12, 17, 47, 37, 64, 59, 44, 14]",4.3438823829999365
max_weight,106,0,1,375,0.5,255,75,20,"[175, 241, 192, 248, 161, 237, 68, 7, 199, 182, 242, 92, 220, 106, 42, 42, 215, 91, 18, 64]","[6, 19, 45, 11, 46, 67, 14, 63, 65, 50, 27, 5, 56, 7, 32, 55, 34, 48, 61, 39]",4.203040331000011
max_weight,107,0,1,397,0.5,255,75,20,"[84, 82, 9, 231, 60, 251, 76, 120, 33, 77, 37, 149, 119, 211, 166, 217, 111, 238, 113, 173]","[53, 43, 65, 41, 45, 29, 31, 28, 59, 62, 37, 35, 74, 36, 22, 15, 58, 11, 24, 27]",4.282630055000027
max_weight,108,0,1,393,0.5,255,75,20,"[173, 22, 59, 40, 151, 150, 217, 102, 145, 214, 214, 58, 54, 226, 232, 137, 96, 19, 105, 80]","[37, 75, 5, 30, 17, 3, 29, 20, 72, 64, 70, 61, 12, 38, 25, 1, 48, 53, 59, 67]",4.396369371999981
max_weight,109,0,1,288,0.5,255,75,20,"[95, 137, 138, 132, 151, 221, 107, 149, 8, 24, 119, 98, 50, 238, 29, 56, 78, 169, 9, 209]","[74, 9, 2, 66, 57, 13, 31, 40, 17, 5, 1, 60, 18, 10, 51, 6, 39, 26, 16, 35]",4.524243841000043
max_weight,110,0,1,537,0.5,255,100,20,"[49, 37, 83, 93, 251, 186, 87, 34, 83, 92, 248, 223, 143, 178, 108, 205, 159, 164, 86, 198]","[42, 67, 21, 31, 57, 38, 54, 76, 52, 66, 64, 60, 43, 85, 71, 26, 96, 11, 87, 28]",4.242858849000072
max_weight,111,0,1,508,0.5,255,100,20,"[210, 127, 130, 80, 20, 197, 133, 76, 6, 243, 143, 12, 49, 32, 47, 214, 101, 103, 121, 136]","[28, 90, 94, 65, 97, 4, 34, 11, 13, 80, 95, 99, 1, 10, 2, 82, 54, 47, 74, 36]",4.31093750499997
max_weight,112,0,1,557,0.5,255,100,20,"[128, 169, 222, 40, 175, 233, 163, 82, 165, 155, 129, 42, 69, 160, 70, 94, 67, 42, 23, 129]","[46, 89, 58, 21, 96, 51, 54, 14, 92, 91, 44, 5, 35, 84, 86, 17, 90, 42, 83, 16]",4.21443479200002
max_weight,113,0,1,497,0.5,255,100,20,"[71, 150, 244, 11, 103, 244, 214, 204, 191, 229, 12, 114, 126, 183, 56, 185, 41, 206, 169, 218]","[90, 26, 35, 39, 21, 44, 10, 57, 79, 14, 70, 89, 8, 20, 87, 61, 53, 94, 46, 52]",4.167910228999972
max_weight,114,0,1,533,0.5,255,100,20,"[182, 5, 141, 19, 3, 133, 8, 65, 9, 191, 153, 234, 2, 169, 66, 155, 50, 195, 101, 168]","[90, 18, 24, 68, 26, 85, 23, 67, 14, 100, 11, 92, 71, 50, 96, 40, 80, 99, 3, 10]",4.191180680000002
max_weight,115,0,1,550,0.5,255,100,20,"[119, 254, 148, 34, 175, 189, 220, 11, 69, 226, 205, 185, 41, 19, 113, 184, 8, 132, 150, 27]","[8, 21, 83, 25, 64, 39, 98, 7, 82, 10, 65, 59, 90, 60, 45, 79, 40, 87, 92, 47]",4.193208962000085
max_weight,116,0,1,346,0.5,255,100,20,"[172, 244, 189, 164, 164, 119, 201, 94, 240, 176, 121, 127, 164, 3, 95, 50, 60, 242, 116, 97]","[67, 41, 28, 9, 49, 21, 5, 60, 19, 17, 23, 26, 7, 33, 87, 29, 32, 2, 62, 75]",4.046169887999895
max_weight,117,0,1,552,0.5,255,100,20,"[77, 25, 154, 153, 136, 211, 144, 203, 193, 50, 231, 60, 251, 76, 120, 164, 37, 149, 119, 211]","[96, 12, 77, 25, 1, 48, 88, 79, 74, 67, 41, 70, 29, 56, 53, 6, 37, 85, 99, 61]",4.213033644999996
max_weight,118,0,1,542,0.5,255,100,20,"[166, 217, 111, 238, 113, 173, 173, 22, 59, 40, 151, 150, 217, 102, 214, 214, 29, 58, 54, 188]","[72, 65, 83, 61, 24, 77, 37, 25, 55, 5, 67, 53, 4, 95, 39, 45, 92, 86, 87, 12]",4.109329205999984
max_weight,119,0,1,446,0.5,255,100,20,"[115, 166, 108, 83, 59, 7, 164, 249, 47, 66, 192, 178, 91, 104, 149, 242, 140, 16, 120, 50]","[26, 17, 47, 16, 64, 70, 40, 5, 27, 88, 72, 21, 11, 67, 15, 63, 78, 94, 54, 18]",4.095545412000092
max_weight,120,0,1,557,0.5,255,125,20,"[49, 37, 83, 93, 251, 186, 87, 34, 83, 92, 248, 223, 143, 178, 108, 156, 241, 242, 128, 208]","[67, 92, 121, 81, 32, 63, 104, 1, 52, 41, 39, 110, 43, 10, 21, 65, 69, 19, 66, 18]",4.233613126999899
max_weight,121,0,1,647,0.5,255,125,20,"[255, 169, 160, 212, 44, 139, 36, 148, 125, 240, 64, 46, 175, 7, 102, 129, 42, 121, 136, 128]","[15, 7, 40, 45, 55, 87, 38, 76, 21, 83, 58, 92, 109, 112, 62, 54, 60, 74, 86, 121]",4.275496948999944
max_weight,122,0,1,646,0.5,255,125,20,"[169, 222, 40, 175, 233, 163, 159, 182, 1, 124, 1, 42, 69, 160, 70, 94, 67, 42, 23, 129]","[14, 58, 96, 21, 101, 29, 79, 52, 15, 125, 19, 105, 35, 109, 11, 42, 115, 67, 108, 91]",4.316804163999905
max_weight,123,0,1,684,0.5,255,125,20,"[71, 150, 244, 11, 103, 244, 214, 204, 191, 229, 12, 114, 126, 183, 56, 185, 41, 116, 67, 182]","[40, 26, 85, 114, 121, 19, 110, 32, 29, 14, 120, 39, 108, 45, 112, 61, 28, 81, 94, 90]",4.278731846000028
max_weight,124,0,1,587,0.5,255,125,20,"[5, 141, 121, 150, 68, 82, 34, 84, 191, 76, 142, 231, 20, 91, 95, 70, 41, 195, 101, 168]","[93, 99, 114, 108, 8, 68, 80, 34, 75, 60, 63, 4, 62, 49, 16, 90, 65, 24, 28, 35]",4.272589468000206
max_weight,125,0,1,596,0.5,255,125,20,"[119, 1, 188, 190, 223, 175, 189, 220, 11, 69, 226, 205, 185, 145, 80, 9, 240, 117, 197, 227]","[33, 83, 114, 48, 94, 64, 14, 73, 107, 57, 35, 115, 34, 16, 24, 18, 54, 93, 37, 80]",4.196477796000181
max_weight,126,0,1,601,0.5,255,125,20,"[197, 216, 8, 254, 129, 6, 240, 175, 241, 240, 176, 121, 127, 3, 95, 50, 60, 242, 92, 220]","[32, 37, 39, 49, 9, 19, 89, 6, 94, 69, 117, 73, 76, 8, 112, 54, 107, 77, 30, 106]",4.36555218400008
max_weight,127,0,1,643,0.5,255,125,20,"[106, 42, 42, 215, 91, 18, 168, 64, 84, 82, 9, 231, 60, 251, 76, 181, 33, 77, 37, 149]","[57, 107, 5, 59, 123, 11, 96, 64, 3, 43, 65, 91, 120, 29, 81, 115, 109, 12, 87, 10]",4.8209987090001505
max_weight,128,0,1,703,0.5,255,125,20,"[119, 211, 166, 217, 111, 114, 177, 202, 195, 59, 92, 243, 59, 170, 207, 184, 55, 47, 196, 12]","[49, 61, 97, 90, 58, 108, 83, 18, 103, 105, 65, 116, 30, 62, 77, 55, 44, 4, 104, 78]",4.3253267509999205
max_weight,129,0,1,552,0.5,255,125,20,"[42, 226, 232, 137, 96, 19, 105, 80, 95, 47, 66, 192, 178, 91, 104, 149, 140, 16, 120, 138]","[34, 63, 100, 1, 98, 28, 109, 67, 24, 77, 38, 72, 96, 86, 17, 40, 3, 44, 29, 78]",4.202915472999848
max_weight,130,0,1,794,0.5,255,150,20,"[49, 37, 83, 93, 251, 186, 87, 34, 83, 92, 248, 223, 143, 178, 108, 156, 241, 242, 128, 208]","[42, 67, 121, 131, 107, 38, 54, 26, 2, 116, 114, 60, 43, 135, 21, 115, 144, 119, 41, 93]",4.280730815999959
max_weight,131,0,1,722,0.5,255,150,20,"[255, 169, 160, 212, 44, 139, 36, 148, 125, 240, 64, 46, 175, 7, 214, 101, 42, 244, 186, 36]","[15, 82, 115, 95, 80, 62, 13, 76, 96, 33, 8, 42, 109, 137, 132, 54, 10, 88, 91, 106]",4.2258809030001885
max_weight,132,0,1,766,0.5,255,150,20,"[19, 163, 61, 91, 233, 163, 159, 182, 1, 124, 1, 42, 69, 160, 70, 94, 67, 42, 23, 129]","[98, 109, 117, 55, 1, 104, 54, 52, 15, 125, 144, 5, 35, 34, 136, 17, 140, 142, 83, 66]",4.2848560879999695
max_weight,133,0,1,759,0.5,255,150,20,"[71, 150, 244, 11, 103, 244, 214, 204, 191, 229, 12, 114, 126, 20, 56, 185, 41, 206, 169, 218]","[90, 126, 35, 39, 71, 44, 110, 7, 79, 64, 20, 89, 108, 93, 137, 11, 53, 144, 146, 52]",4.367017701999885
max_weight,134,0,1,773,0.5,255,150,20,"[182, 5, 141, 19, 3, 133, 8, 65, 9, 191, 76, 142, 231, 20, 91, 95, 70, 99, 33, 89]","[40, 118, 24, 68, 76, 135, 23, 67, 64, 50, 35, 138, 54, 137, 124, 141, 65, 26, 30, 131]",4.188872572000037
max_weight,135,0,1,661,0.5,255,150,20,"[168, 119, 1, 188, 190, 223, 175, 48, 102, 157, 165, 245, 69, 110, 145, 80, 9, 240, 132, 150]","[60, 58, 8, 89, 73, 19, 64, 84, 40, 146, 99, 61, 85, 95, 41, 49, 68, 4, 87, 92]",4.201160569999956
max_weight,136,0,1,650,0.5,255,150,20,"[27, 172, 244, 189, 164, 164, 119, 201, 94, 64, 192, 248, 127, 164, 3, 95, 50, 60, 242, 92]","[47, 17, 141, 128, 59, 99, 21, 105, 10, 121, 45, 86, 26, 57, 83, 37, 79, 32, 102, 5]",4.242547325999794
max_weight,137,0,1,773,0.5,255,150,20,"[220, 106, 42, 42, 215, 91, 18, 168, 64, 84, 82, 9, 231, 60, 251, 76, 120, 33, 77, 37]","[131, 82, 32, 55, 34, 123, 61, 121, 39, 128, 43, 65, 41, 120, 29, 106, 103, 134, 62, 37]",4.339158329999918
max_weight,138,0,1,662,0.5,255,150,20,"[149, 119, 211, 166, 217, 111, 238, 113, 173, 173, 22, 59, 40, 151, 150, 217, 102, 145, 214, 214]","[35, 149, 111, 22, 15, 133, 11, 24, 27, 37, 75, 5, 105, 17, 3, 104, 95, 72, 139, 145]",4.14340241900004
max_weight,139,0,1,738,0.5,255,150,20,"[29, 58, 54, 188, 115, 166, 108, 83, 59, 7, 164, 249, 47, 66, 192, 178, 91, 104, 149, 242]","[92, 136, 87, 12, 76, 67, 47, 66, 64, 120, 140, 5, 77, 138, 72, 121, 11, 17, 115, 13]",4.369361240000217
max_weight,140,0,1,712,0.5,255,175,20,"[49, 37, 83, 93, 251, 186, 87, 34, 83, 92, 248, 223, 143, 178, 108, 205, 159, 164, 86, 198]","[67, 117, 96, 81, 32, 63, 29, 76, 152, 16, 139, 110, 18, 10, 46, 101, 71, 111, 37, 53]",4.4014780950001295
max_weight,141,0,1,961,0.5,255,175,20,"[210, 127, 130, 80, 20, 197, 133, 76, 6, 243, 143, 12, 49, 32, 47, 214, 101, 42, 244, 186]","[103, 115, 44, 90, 147, 104, 134, 86, 63, 155, 20, 174, 76, 35, 102, 157, 4, 160, 88, 66]",4.429428188999964
max_weight,142,0,1,991,0.5,255,175,20,"[36, 19, 163, 61, 91, 151, 239, 24, 82, 165, 155, 129, 80, 230, 34, 76, 32, 110, 187, 233]","[156, 123, 9, 67, 105, 155, 103, 168, 64, 92, 91, 19, 146, 117, 54, 70, 130, 124, 27, 162]",4.398639605999961
max_weight,143,0,1,839,0.5,255,175,20,"[216, 255, 36, 230, 204, 116, 134, 230, 157, 154, 109, 5, 194, 78, 155, 20, 56, 185, 41, 206]","[38, 34, 96, 120, 29, 126, 63, 14, 124, 44, 91, 164, 107, 159, 81, 43, 87, 36, 78, 144]",4.288069661999998
max_weight,144,0,1,797,0.5,255,175,20,"[169, 218, 182, 5, 141, 19, 3, 133, 8, 65, 9, 191, 76, 142, 231, 20, 66, 155, 50, 99]","[146, 27, 40, 43, 124, 118, 1, 60, 148, 42, 164, 75, 160, 38, 4, 87, 96, 140, 55, 26]",4.385070342999825
max_weight,145,0,1,795,0.5,255,175,20,"[33, 89, 168, 119, 1, 188, 190, 223, 175, 189, 220, 11, 69, 226, 205, 185, 41, 19, 113, 184]","[80, 56, 110, 158, 58, 14, 23, 119, 164, 39, 123, 57, 157, 135, 40, 9, 140, 60, 45, 4]",4.278801188999978
max_weight,146,0,1,951,0.5,255,175,20,"[8, 132, 150, 27, 172, 244, 189, 164, 164, 119, 201, 94, 64, 192, 248, 161, 237, 68, 7, 199]","[165, 62, 167, 47, 42, 66, 128, 9, 74, 121, 105, 35, 146, 120, 136, 71, 117, 114, 113, 65]",4.314899673000127
max_weight,147,0,1,707,0.5,255,175,20,"[182, 57, 185, 116, 97, 77, 25, 154, 153, 136, 211, 144, 203, 193, 50, 131, 195, 251, 76, 120]","[175, 120, 7, 37, 50, 171, 87, 2, 100, 26, 23, 163, 29, 49, 17, 74, 21, 4, 156, 103]",4.298202212999968
max_weight,148,0,1,912,0.5,255,175,20,"[164, 77, 187, 230, 44, 231, 7, 30, 103, 11, 114, 177, 202, 22, 59, 40, 151, 150, 217, 102]","[56, 3, 37, 162, 39, 134, 11, 116, 122, 81, 108, 33, 18, 150, 105, 130, 92, 153, 154, 120]",4.344464371999948
max_weight,149,0,1,996,0.5,255,175,20,"[145, 214, 214, 29, 58, 54, 188, 115, 166, 96, 19, 105, 164, 249, 47, 66, 192, 178, 91, 104]","[47, 164, 170, 67, 111, 137, 112, 26, 42, 123, 153, 134, 40, 130, 102, 38, 122, 121, 61, 92]",4.433246199999985
max_weight,150,0,1,987,0.5,255,200,20,"[49, 37, 83, 93, 251, 186, 87, 34, 83, 92, 248, 223, 143, 178, 108, 205, 159, 164, 86, 198]","[142, 67, 121, 31, 157, 138, 54, 176, 52, 66, 164, 60, 43, 85, 171, 26, 196, 111, 87, 28]",4.310297609999907
max_weight,151,0,1,958,0.5,255,200,20,"[210, 127, 130, 80, 20, 197, 133, 76, 6, 243, 143, 12, 49, 32, 47, 214, 101, 103, 121, 136]","[28, 90, 94, 165, 97, 104, 34, 111, 113, 180, 195, 99, 1, 10, 102, 82, 154, 47, 174, 36]",4.4784020370000235
max_weight,152,0,1,948,0.5,255,200,20,"[128, 169, 222, 40, 175, 233, 163, 159, 182, 1, 124, 1, 42, 69, 160, 70, 94, 67, 42, 23]","[46, 189, 158, 121, 196, 51, 54, 154, 2, 115, 25, 144, 5, 135, 84, 86, 17, 90, 42, 183]",4.381795444999852
max_weight,153,0,1,1080,0.5,255,200,20,"[129, 71, 150, 244, 11, 103, 244, 214, 204, 191, 229, 12, 114, 126, 183, 242, 146, 218, 159, 116]","[116, 190, 26, 135, 39, 121, 44, 10, 157, 179, 114, 170, 89, 8, 20, 120, 176, 160, 156, 131]",4.3586025600000085
max_weight,154,0,1,895,0.5,255,200,20,"[67, 175, 193, 84, 158, 121, 150, 68, 82, 34, 84, 191, 76, 142, 231, 20, 91, 95, 70, 41]","[94, 8, 67, 90, 161, 64, 83, 108, 43, 5, 9, 100, 185, 88, 104, 37, 174, 191, 165, 15]",4.29532945599999
max_weight,155,0,1,1105,0.5,255,200,20,"[195, 101, 165, 119, 1, 188, 190, 223, 175, 189, 220, 11, 69, 226, 205, 185, 41, 19, 113, 184]","[99, 103, 14, 8, 108, 189, 73, 119, 164, 139, 198, 107, 182, 110, 65, 159, 90, 60, 145, 79]",4.629082569000047
max_weight,156,0,1,866,0.5,255,200,20,"[8, 132, 150, 27, 172, 244, 189, 164, 164, 119, 201, 94, 240, 176, 121, 127, 164, 3, 50, 60]","[40, 187, 192, 147, 67, 41, 28, 9, 149, 21, 105, 60, 119, 117, 123, 26, 107, 133, 29, 32]",4.358664636999947
max_weight,157,0,1,813,0.5,255,200,20,"[242, 92, 220, 106, 42, 42, 215, 91, 18, 168, 64, 84, 82, 9, 231, 60, 251, 76, 120, 164]","[2, 5, 31, 182, 132, 55, 84, 73, 111, 121, 89, 128, 93, 165, 41, 70, 29, 156, 53, 6]",5.235317772999906
max_weight,158,0,1,1084,0.5,255,200,20,"[77, 187, 230, 44, 231, 7, 30, 103, 11, 114, 173, 195, 5, 75, 92, 243, 59, 170, 207, 214]","[153, 12, 137, 189, 184, 86, 191, 197, 31, 108, 177, 3, 147, 14, 190, 116, 155, 37, 2, 39]",5.424913187999891
max_weight,159,0,1,1154,0.5,255,200,20,"[214, 29, 58, 54, 188, 115, 166, 108, 83, 59, 7, 164, 249, 47, 66, 192, 178, 91, 104, 149]","[145, 192, 186, 87, 12, 26, 17, 47, 116, 164, 170, 140, 105, 127, 188, 72, 121, 111, 167, 115]",4.380829916999801
max_weight,160,0,1,1242,0.5,255,225,20,"[49, 37, 83, 93, 251, 186, 87, 34, 83, 92, 248, 223, 143, 96, 146, 156, 241, 242, 128, 208]","[192, 67, 121, 206, 107, 188, 204, 176, 152, 116, 39, 60, 43, 178, 48, 115, 144, 44, 191, 93]",4.510987355999987
max_weight,161,0,1,965,0.5,255,225,20,"[255, 169, 160, 212, 44, 139, 36, 148, 125, 240, 64, 46, 175, 47, 214, 101, 42, 121, 136, 128]","[90, 7, 115, 95, 5, 137, 163, 151, 96, 108, 8, 117, 34, 52, 57, 204, 85, 199, 36, 171]",4.257299105999891
max_weight,162,0,1,1058,0.5,255,225,20,"[169, 222, 40, 175, 233, 163, 159, 182, 1, 124, 1, 42, 69, 160, 70, 94, 67, 42, 23, 129]","[139, 208, 121, 46, 151, 104, 204, 202, 15, 50, 69, 5, 35, 109, 61, 17, 215, 142, 8, 216]",4.95101803600005
max_weight,163,0,1,1121,0.5,255,225,20,"[71, 150, 244, 11, 103, 244, 214, 204, 191, 229, 12, 114, 126, 183, 242, 146, 41, 206, 169, 218]","[15, 201, 110, 39, 146, 44, 185, 82, 79, 64, 20, 164, 183, 170, 95, 176, 203, 69, 71, 127]",5.421799943999986
max_weight,164,0,1,1017,0.5,255,225,20,"[182, 5, 141, 19, 3, 133, 8, 65, 9, 191, 76, 142, 231, 20, 91, 95, 70, 41, 33, 89]","[115, 118, 24, 68, 1, 60, 23, 142, 64, 50, 185, 138, 129, 62, 124, 141, 215, 140, 180, 56]",5.069175007000013
max_weight,165,0,1,1127,0.5,255,225,20,"[168, 119, 1, 188, 190, 223, 175, 189, 220, 11, 69, 245, 69, 110, 145, 80, 9, 240, 117, 197]","[60, 133, 8, 14, 73, 94, 139, 89, 198, 207, 82, 211, 160, 20, 116, 199, 218, 79, 68, 87]",4.526641158000075
max_weight,166,0,1,952,0.5,255,225,20,"[227, 197, 216, 8, 254, 129, 6, 240, 175, 241, 240, 176, 121, 127, 164, 3, 95, 50, 60, 242]","[30, 207, 187, 139, 99, 209, 44, 89, 81, 169, 19, 42, 23, 26, 57, 158, 37, 79, 32, 177]",4.500966828999935
max_weight,167,0,1,976,0.5,255,225,20,"[92, 220, 106, 42, 42, 215, 91, 18, 168, 64, 84, 82, 9, 231, 60, 251, 76, 120, 164, 77]","[80, 206, 7, 32, 55, 109, 48, 136, 46, 39, 203, 118, 215, 116, 120, 29, 106, 28, 181, 78]",4.331003797999983
max_weight,168,0,1,998,0.5,255,225,20,"[187, 230, 44, 231, 7, 30, 103, 11, 114, 177, 202, 195, 5, 40, 151, 150, 217, 102, 145, 214]","[137, 187, 164, 134, 136, 16, 22, 6, 208, 83, 68, 128, 172, 180, 17, 3, 29, 20, 147, 139]",4.6726265069999044
max_weight,169,0,1,1052,0.5,255,225,20,"[214, 29, 58, 54, 188, 115, 166, 108, 83, 59, 7, 164, 249, 47, 66, 192, 178, 91, 145, 163]","[70, 167, 136, 12, 87, 151, 67, 197, 141, 139, 45, 65, 155, 77, 138, 222, 121, 11, 74, 29]",4.542461017000051
max_weight,170,0,1,1271,0.5,255,250,20,"[129, 53, 208, 220, 151, 38, 97, 168, 240, 224, 76, 50, 55, 47, 41, 9, 181, 151, 80, 213]","[213, 199, 81, 40, 30, 226, 51, 218, 151, 108, 79, 200, 67, 65, 28, 107, 152, 196, 146, 186]",4.475343202999966
max_weight,171,0,1,1100,0.5,255,250,20,"[15, 51, 80, 81, 224, 115, 250, 179, 225, 151, 192, 24, 245, 3, 43, 236, 134, 162, 30, 162]","[77, 88, 74, 141, 15, 99, 161, 60, 124, 229, 78, 79, 187, 181, 22, 114, 56, 100, 97, 218]",5.082878837999942
max_weight,172,0,1,1217,0.5,255,250,20,"[73, 71, 255, 219, 175, 194, 80, 34, 174, 35, 118, 43, 91, 190, 34, 196, 172, 86, 3, 138]","[70, 107, 74, 170, 156, 226, 93, 19, 39, 168, 166, 187, 237, 175, 7, 131, 8, 147, 23, 231]",5.302942919000088
max_weight,173,0,1,1087,0.5,255,250,20,"[162, 31, 36, 181, 98, 42, 228, 210, 160, 182, 239, 171, 6, 69, 49, 55, 154, 190, 247, 116]","[19, 13, 11, 241, 229, 62, 142, 69, 34, 164, 89, 70, 132, 29, 235, 82, 215, 77, 57, 205]",4.550481325000192
max_weight,174,0,1,1291,0.5,255,250,20,"[56, 178, 157, 171, 39, 156, 152, 165, 251, 73, 225, 100, 221, 72, 176, 34, 6, 241, 195, 234]","[140, 207, 122, 23, 100, 54, 233, 127, 30, 136, 112, 105, 204, 181, 10, 177, 188, 138, 172, 123]",4.536634287999959
max_weight,175,0,1,1165,0.5,255,250,20,"[233, 33, 48, 155, 2, 188, 113, 233, 76, 243, 254, 64, 26, 13, 109, 81, 54, 165, 139, 237]","[32, 158, 245, 164, 93, 136, 192, 190, 102, 110, 52, 13, 60, 99, 159, 69, 33, 20, 219, 185]",4.320507271999986
max_weight,176,0,1,1170,0.5,255,250,20,"[59, 183, 129, 99, 56, 57, 78, 165, 251, 79, 198, 93, 16, 231, 129, 137, 221, 228, 95, 42]","[31, 179, 108, 197, 169, 89, 204, 11, 239, 152, 86, 24, 128, 210, 189, 118, 114, 44, 16, 32]",4.6224058939999395
max_weight,177,0,1,1171,0.5,255,250,20,"[157, 202, 90, 209, 160, 60, 63, 96, 27, 103, 156, 85, 174, 86, 255, 161, 96, 186, 87, 250]","[147, 108, 174, 67, 180, 12, 244, 133, 33, 69, 87, 144, 83, 124, 28, 237, 228, 4, 44, 197]",4.4655442749999565
max_weight,178,0,1,1332,0.5,255,250,20,"[202, 180, 64, 124, 104, 34, 106, 133, 239, 161, 178, 77, 193, 120, 21, 142, 210, 64, 187, 169]","[131, 209, 196, 152, 147, 225, 220, 17, 149, 138, 55, 133, 140, 119, 5, 250, 27, 106, 109, 137]",4.411194266000166
max_weight,179,0,1,1355,0.5,255,250,20,"[57, 58, 6, 193, 123, 72, 251, 120, 221, 149, 29, 161, 50, 32, 74, 188, 200, 85, 80, 99]","[186, 153, 188, 63, 48, 162, 203, 202, 234, 46, 87, 177, 239, 136, 211, 31, 45, 60, 47, 192]",4.455276974000071
